specimen,CST I-A,CST I-B,CST II,CST III-A,CST III-B,CST IV-A,CST IV-B,CST IV-C0,CST IV-C2,CST IV-C4,CST V
A00001-05,0,0,0,0,1,0,0,0,0,0,0
A00002-01,0,0,0,1,0,0,0,0,0,0,0
A00003-02,0,0,1,0,0,0,0,0,0,0,0
A00004-08,0,0,0,1,0,0,0,0,0,0,0
A00004-12,0,0,0,1,0,0,0,0,0,0,0
A00004-13,0,0,0,1,0,0,0,0,0,0,0
A00004-16,0,0,0,1,0,0,0,0,0,0,0
A00004-18,0,0,0,1,0,0,0,0,0,0,0
A00004-20,0,0,0,1,0,0,0,0,0,0,0
A00004-22,0,0,0,1,0,0,0,0,0,0,0
A00005-02,0,0,1,0,0,0,0,0,0,0,0
A00005-05,0,0,1,0,0,0,0,0,0,0,0
A00005-10,0,0,1,0,0,0,0,0,0,0,0
A00005-11,0,0,1,0,0,0,0,0,0,0,0
A00005-12,0,0,1,0,0,0,0,0,0,0,0
A00005-14,0,0,1,0,0,0,0,0,0,0,0
A00005-15,0,0,1,0,0,0,0,0,0,0,0
A00005-16,0,0,1,0,0,0,0,0,0,0,0
A00006-01,0,0,1,0,0,0,0,0,0,0,0
A00006-03,0,0,1,0,0,0,0,0,0,0,0
A00007-01,0,0,0,1,0,0,0,0,0,0,0
A00008-02,0,0,0,0,0,0,1,0,0,0,0
A00008-08,0,0,0,0,0,0,1,0,0,0,0
A00008-13,0,0,0,0,0,0,1,0,0,0,0
A00008-14,0,0,0,0,0,0,1,0,0,0,0
A00008-16,0,0,0,0,1,0,0,0,0,0,0
A00008-17,0,0,0,0,1,0,0,0,0,0,0
A00009-04,0,0,0,0,0,0,0,1,0,0,0
A00009-09,0,0,0,0,0,0,1,0,0,0,0
A00009-11,0,0,0,0,0,0,1,0,0,0,0
A00009-12,0,0,0,0,0,0,0,1,0,0,0
A00009-15,0,0,0,0,0,0,1,0,0,0,0
A00010-01,0,0,0,0,1,0,0,0,0,0,0
A00010-02,0,0,0,0,1,0,0,0,0,0,0
A00010-03,0,0,0,0,0,0,0,1,0,0,0
A00010-05,0,0,0,0,1,0,0,0,0,0,0
A00010-08,0,0,0,0,1,0,0,0,0,0,0
A00011-01,0,0,0,0,0,0,0,1,0,0,0
A00011-03,0,0,0,0,0,1,0,0,0,0,0
A00011-05,0,0,0,0,0,0,0,1,0,0,0
A00011-06,0,0,0,0,0,0,0,1,0,0,0
A00012-01,0,0,0,0,1,0,0,0,0,0,0
A00012-03,0,0,0,0,1,0,0,0,0,0,0
A00012-04,0,0,0,0,0,0,0,1,0,0,0
A00012-06,0,0,0,0,0,0,0,1,0,0,0
A00012-07,0,0,0,0,0,0,0,1,0,0,0
A00012-08,0,0,0,0,0,0,0,1,0,0,0
A00012-09,0,0,0,0,1,0,0,0,0,0,0
A00012-10,0,0,0,0,0,0,0,1,0,0,0
A00012-13,0,0,1,0,0,0,0,0,0,0,0
A00012-14,0,0,1,0,0,0,0,0,0,0,0
A00012-17,0,0,0,0,1,0,0,0,0,0,0
A00012-18,0,0,1,0,0,0,0,0,0,0,0
A00012-19,0,0,0,0,1,0,0,0,0,0,0
A00012-20,0,0,0,0,1,0,0,0,0,0,0
A00012-22,0,0,0,0,1,0,0,0,0,0,0
A00012-23,0,0,0,0,1,0,0,0,0,0,0
A00012-24,0,0,0,0,1,0,0,0,0,0,0
A00012-25,0,0,1,0,0,0,0,0,0,0,0
A00012-26,0,0,1,0,0,0,0,0,0,0,0
A00013-03,0,0,0,0,1,0,0,0,0,0,0
A00013-04,0,0,0,0,0,0,0,1,0,0,0
A00013-05,0,0,0,0,0,0,1,0,0,0,0
A00013-06,0,0,0,0,0,0,0,1,0,0,0
A00013-07,0,0,1,0,0,0,0,0,0,0,0
A00013-08,0,0,1,0,0,0,0,0,0,0,0
A00013-09,0,0,1,0,0,0,0,0,0,0,0
A00013-10,0,0,0,0,0,0,1,0,0,0,0
A00013-13,0,0,0,0,0,0,0,1,0,0,0
A00013-16,0,0,1,0,0,0,0,0,0,0,0
A00014-01,0,0,0,0,0,0,0,1,0,0,0
A00014-02,0,0,0,0,0,0,0,1,0,0,0
A00014-04,0,0,0,0,0,0,0,1,0,0,0
A00014-11,0,0,0,1,0,0,0,0,0,0,0
A00014-13,0,0,0,0,0,0,0,1,0,0,0
A00014-17,0,0,0,0,0,1,0,0,0,0,0
A00014-20,0,0,0,0,0,0,0,1,0,0,0
A00014-21,0,0,0,0,0,0,0,1,0,0,0
A00014-22,0,0,0,0,0,0,0,1,0,0,0
A00015-17,0,0,0,1,0,0,0,0,0,0,0
A00016-01,0,0,0,1,0,0,0,0,0,0,0
A00016-04,0,0,0,1,0,0,0,0,0,0,0
A00017-01,0,0,0,0,1,0,0,0,0,0,0
A00017-12,0,0,0,1,0,0,0,0,0,0,0
A00017-14,0,0,0,1,0,0,0,0,0,0,0
A00017-22,0,0,0,1,0,0,0,0,0,0,0
A00017-25,0,0,0,0,1,0,0,0,0,0,0
A00018-01,0,0,0,0,0,0,0,1,0,0,0
A00018-02,0,0,1,0,0,0,0,0,0,0,0
A00018-08,0,0,0,0,1,0,0,0,0,0,0
A00018-12,0,0,1,0,0,0,0,0,0,0,0
A00018-14,0,0,0,0,0,0,1,0,0,0,0
A00018-16,0,0,1,0,0,0,0,0,0,0,0
A00018-20,0,0,1,0,0,0,0,0,0,0,0
A00018-26,0,0,1,0,0,0,0,0,0,0,0
A00018-27,0,0,1,0,0,0,0,0,0,0,0
A00018-30,0,0,0,0,0,0,1,0,0,0,0
A00019-02,0,0,0,0,0,0,1,0,0,0,0
A00019-03,0,0,0,0,0,0,1,0,0,0,0
A00019-04,0,0,0,0,0,0,1,0,0,0,0
A00019-05,0,0,0,0,0,0,1,0,0,0,0
A00019-06,0,0,1,0,0,0,0,0,0,0,0
A00019-07,0,0,1,0,0,0,0,0,0,0,0
A00020-05,0,0,0,1,0,0,0,0,0,0,0
A00020-06,0,0,0,1,0,0,0,0,0,0,0
A00020-12,0,0,0,1,0,0,0,0,0,0,0
A00020-15,0,0,0,1,0,0,0,0,0,0,0
A00020-20,0,0,0,0,1,0,0,0,0,0,0
A00020-22,0,0,0,1,0,0,0,0,0,0,0
A00020-24,0,0,0,1,0,0,0,0,0,0,0
A00020-25,0,0,0,1,0,0,0,0,0,0,0
A00020-27,0,0,0,1,0,0,0,0,0,0,0
A00021-08,0,0,0,0,0,0,0,1,0,0,0
A00021-09,0,0,0,0,0,0,0,1,0,0,0
A00021-10,0,0,0,0,0,0,0,1,0,0,0
A00021-11,0,0,0,0,0,0,0,1,0,0,0
A00021-13,0,0,0,0,0,0,0,1,0,0,0
A00022-03,0,0,0,0,0,0,1,0,0,0,0
A00022-05,0,0,0,0,0,0,1,0,0,0,0
A00022-08,0,0,0,0,0,0,0,1,0,0,0
A00022-09,0,0,0,0,0,0,1,0,0,0,0
A00022-10,0,0,0,0,0,0,0,1,0,0,0
A00022-13,0,0,0,0,0,0,1,0,0,0,0
A00022-15,0,0,0,0,0,0,1,0,0,0,0
A00022-16,0,0,0,0,0,0,0,1,0,0,0
A00022-17,0,0,0,0,0,0,1,0,0,0,0
A00022-18,0,0,0,0,0,0,1,0,0,0,0
A00023-04,0,0,0,1,0,0,0,0,0,0,0
A00023-13,0,0,0,0,0,0,1,0,0,0,0
A00023-16,0,0,0,0,0,0,1,0,0,0,0
A00023-19,0,0,0,0,0,0,1,0,0,0,0
A00023-20,0,0,0,0,0,0,1,0,0,0,0
A00023-21,0,0,0,0,0,0,1,0,0,0,0
A00023-22,0,0,0,0,0,0,1,0,0,0,0
A00023-27,0,0,0,0,0,0,1,0,0,0,0
A00024-07,0,0,0,0,0,0,0,1,0,0,0
A00024-15,0,0,0,0,0,0,0,1,0,0,0
A00024-22,0,0,0,0,0,0,0,1,0,0,0
A00024-25,0,0,0,0,0,0,0,1,0,0,0
A00024-29,0,0,0,0,0,0,0,1,0,0,0
A00024-31,0,0,0,0,0,0,0,1,0,0,0
A00025-14,0,0,0,1,0,0,0,0,0,0,0
A00025-16,0,0,0,1,0,0,0,0,0,0,0
A00025-24,0,0,0,1,0,0,0,0,0,0,0
A00025-25,0,0,0,1,0,0,0,0,0,0,0
A00026-06,0,0,0,0,0,0,0,1,0,0,0
A00026-07,0,0,0,0,0,0,0,1,0,0,0
A00026-08,0,0,1,0,0,0,0,0,0,0,0
A00026-09,0,0,0,0,0,0,0,1,0,0,0
A00026-11,0,0,1,0,0,0,0,0,0,0,0
A00026-13,0,0,1,0,0,0,0,0,0,0,0
A00026-17,0,0,1,0,0,0,0,0,0,0,0
A00026-24,0,0,0,0,0,0,0,1,0,0,0
A00026-31,0,0,1,0,0,0,0,0,0,0,0
A00027-03,0,0,1,0,0,0,0,0,0,0,0
A00027-04,0,0,1,0,0,0,0,0,0,0,0
A00027-20,0,0,1,0,0,0,0,0,0,0,0
A00027-21,0,0,1,0,0,0,0,0,0,0,0
A00027-23,0,0,1,0,0,0,0,0,0,0,0
A00028-02,0,0,0,1,0,0,0,0,0,0,0
A00028-08,0,0,0,1,0,0,0,0,0,0,0
A00028-09,0,0,0,1,0,0,0,0,0,0,0
A00028-10,0,0,0,1,0,0,0,0,0,0,0
A00028-12,0,0,0,1,0,0,0,0,0,0,0
A00028-22,0,0,1,0,0,0,0,0,0,0,0
A00028-23,0,0,0,0,1,0,0,0,0,0,0
A00028-24,0,0,0,0,1,0,0,0,0,0,0
A00028-26,0,0,0,0,1,0,0,0,0,0,0
A00029-03,0,0,0,1,0,0,0,0,0,0,0
A00029-06,0,0,0,0,0,0,0,1,0,0,0
A00029-10,0,0,0,0,0,0,0,1,0,0,0
A00029-18,0,0,0,0,0,0,0,1,0,0,0
A00029-19,0,0,0,0,0,0,1,0,0,0,0
A00029-25,0,0,0,0,0,0,0,1,0,0,0
A00029-26,0,0,0,0,0,0,0,1,0,0,0
A00029-28,0,0,0,0,0,0,0,1,0,0,0
A00029-35,0,0,1,0,0,0,0,0,0,0,0
A00030-22,0,0,1,0,0,0,0,0,0,0,0
A00030-31,0,0,1,0,0,0,0,0,0,0,0
A00031-06,0,0,0,1,0,0,0,0,0,0,0
A00031-09,0,0,0,1,0,0,0,0,0,0,0
A00031-30,0,0,0,1,0,0,0,0,0,0,0
A00032-04,0,0,0,1,0,0,0,0,0,0,0
A00032-06,0,0,0,1,0,0,0,0,0,0,0
A00032-12,0,0,0,1,0,0,0,0,0,0,0
A00032-24,0,0,0,1,0,0,0,0,0,0,0
A00032-30,0,0,0,1,0,0,0,0,0,0,0
A00033-01,0,0,1,0,0,0,0,0,0,0,0
A00033-14,0,0,1,0,0,0,0,0,0,0,0
A00033-17,0,0,1,0,0,0,0,0,0,0,0
A00033-19,0,0,1,0,0,0,0,0,0,0,0
A00033-20,0,0,1,0,0,0,0,0,0,0,0
A00034-03,0,0,1,0,0,0,0,0,0,0,0
A00034-04,0,0,1,0,0,0,0,0,0,0,0
A00034-07,0,0,0,0,0,0,0,1,0,0,0
A00034-08,0,0,1,0,0,0,0,0,0,0,0
A00034-09,0,0,1,0,0,0,0,0,0,0,0
A00034-10,0,0,1,0,0,0,0,0,0,0,0
A00034-16,0,0,0,1,0,0,0,0,0,0,0
A00034-19,0,0,0,1,0,0,0,0,0,0,0
A00034-20,0,0,0,1,0,0,0,0,0,0,0
A00034-29,0,0,0,1,0,0,0,0,0,0,0
A00034-33,0,0,0,1,0,0,0,0,0,0,0
A00035-03,0,0,0,0,0,0,1,0,0,0,0
A00035-08,0,0,0,0,0,0,1,0,0,0,0
A00035-09,0,0,0,0,0,0,1,0,0,0,0
A00035-10,0,0,0,0,0,0,1,0,0,0,0
A00035-12,0,0,0,0,0,0,1,0,0,0,0
A00035-16,0,0,0,0,0,0,1,0,0,0,0
A00036-02,0,0,0,0,0,0,0,1,0,0,0
A00036-03,0,0,0,0,0,0,0,1,0,0,0
A00036-05,0,0,0,0,0,0,0,1,0,0,0
A00036-08,0,0,1,0,0,0,0,0,0,0,0
A00036-11,0,0,1,0,0,0,0,0,0,0,0
A00036-19,0,0,0,0,0,1,0,0,0,0,0
A00036-21,0,0,0,0,0,0,0,1,0,0,0
A00036-26,0,0,0,0,0,0,0,1,0,0,0
A00037-02,0,0,0,0,1,0,0,0,0,0,0
A00037-04,0,0,0,1,0,0,0,0,0,0,0
A00037-06,0,0,0,1,0,0,0,0,0,0,0
A00037-07,0,0,0,1,0,0,0,0,0,0,0
A00037-10,0,0,1,0,0,0,0,0,0,0,0
A00037-15,0,0,0,1,0,0,0,0,0,0,0
A00038-01,0,0,0,0,0,0,1,0,0,0,0
A00038-03,0,0,0,0,0,0,1,0,0,0,0
A00039-02,0,0,0,0,0,0,1,0,0,0,0
A00039-07,0,0,0,0,0,1,0,0,0,0,0
A00039-08,0,0,0,0,0,0,1,0,0,0,0
A00039-09,0,0,0,0,0,0,1,0,0,0,0
A00039-10,0,0,0,0,0,0,1,0,0,0,0
A00039-12,0,0,0,0,0,0,1,0,0,0,0
B00001-01,1,0,0,0,0,0,0,0,0,0,0
B00003-01,0,0,0,1,0,0,0,0,0,0,0
B00004-01,0,0,0,0,0,0,0,0,0,0,1
B00005-01,1,0,0,0,0,0,0,0,0,0,0
B00006-01,1,0,0,0,0,0,0,0,0,0,0
B00007-01,0,0,0,0,0,0,0,0,0,0,1
B00008-01,1,0,0,0,0,0,0,0,0,0,0
B00009-01,1,0,0,0,0,0,0,0,0,0,0
B00010-01,0,0,0,0,0,0,0,0,0,0,1
B00011-01,0,0,0,0,0,0,0,0,0,0,1
B00012-01,0,0,1,0,0,0,0,0,0,0,0
B00013-01,0,0,0,1,0,0,0,0,0,0,0
B00014-01,0,0,0,0,0,0,0,0,1,0,0
B00016-01,0,0,0,0,0,0,0,0,0,0,1
B00017-01,1,0,0,0,0,0,0,0,0,0,0
B00018-01,0,0,0,1,0,0,0,0,0,0,0
B00019-01,0,0,0,1,0,0,0,0,0,0,0
B00021-01,0,0,0,1,0,0,0,0,0,0,0
B00024-01,0,0,0,0,0,0,1,0,0,0,0
B00028-01,0,0,0,1,0,0,0,0,0,0,0
B00029-01,0,0,0,1,0,0,0,0,0,0,0
B00031-01,0,0,0,0,0,0,0,0,0,0,1
B00033-01,0,0,1,0,0,0,0,0,0,0,0
B00034-01,1,0,0,0,0,0,0,0,0,0,0
B00035-01,0,0,1,0,0,0,0,0,0,0,0
B00036-01,1,0,0,0,0,0,0,0,0,0,0
B00037-01,0,0,1,0,0,0,0,0,0,0,0
B00038-01,1,0,0,0,0,0,0,0,0,0,0
B00040-01,0,0,1,0,0,0,0,0,0,0,0
B00041-01,0,0,0,0,0,0,0,1,0,0,0
B00042-01,0,1,0,0,0,0,0,0,0,0,0
B00043-01,0,0,0,0,0,0,1,0,0,0,0
B00045-01,0,0,0,0,0,0,0,0,0,0,1
C00001-01,0,0,0,0,1,0,0,0,0,0,0
C00001-02,0,0,0,0,1,0,0,0,0,0,0
C00001-03,0,0,0,0,1,0,0,0,0,0,0
C00002-01,0,0,0,0,1,0,0,0,0,0,0
C00003-01,0,0,0,0,0,0,0,0,0,0,1
C00003-02,0,1,0,0,0,0,0,0,0,0,0
C00004-01,0,0,0,1,0,0,0,0,0,0,0
C00004-02,0,0,0,1,0,0,0,0,0,0,0
C00005-01,0,0,1,0,0,0,0,0,0,0,0
C00005-02,0,0,0,0,1,0,0,0,0,0,0
C00006-01,0,0,0,1,0,0,0,0,0,0,0
C00007-01,0,0,0,1,0,0,0,0,0,0,0
C00008-01,0,1,0,0,0,0,0,0,0,0,0
C00008-02,0,1,0,0,0,0,0,0,0,0,0
C00009-01,0,0,0,1,0,0,0,0,0,0,0
C00010-01,0,0,0,1,0,0,0,0,0,0,0
C00010-02,0,0,0,0,1,0,0,0,0,0,0
C00011-01,0,0,0,0,0,0,0,1,0,0,0
C00011-02,0,0,0,0,0,0,0,1,0,0,0
C00012-02,0,0,0,1,0,0,0,0,0,0,0
C00013-01,0,1,0,0,0,0,0,0,0,0,0
C00014-01,0,0,0,0,1,0,0,0,0,0,0
C00014-02,0,0,0,0,1,0,0,0,0,0,0
C00015-01,0,0,0,0,0,0,0,0,0,0,1
C00016-01,0,0,0,1,0,0,0,0,0,0,0
C00017-01,0,1,0,0,0,0,0,0,0,0,0
C00018-01,1,0,0,0,0,0,0,0,0,0,0
C00019-01,0,0,0,1,0,0,0,0,0,0,0
C00020-01,0,0,0,0,0,0,0,0,1,0,0
C00020-02,0,0,0,0,0,0,0,0,1,0,0
C00021-01,0,0,0,1,0,0,0,0,0,0,0
C00022-01,0,0,0,1,0,0,0,0,0,0,0
C00023-01,0,0,0,1,0,0,0,0,0,0,0
C00024-01,0,0,0,1,0,0,0,0,0,0,0
C00026-01,1,0,0,0,0,0,0,0,0,0,0
C00027-01,0,0,0,0,1,0,0,0,0,0,0
C00028-01,0,0,0,1,0,0,0,0,0,0,0
C00028-02,0,0,0,0,1,0,0,0,0,0,0
C00029-01,1,0,0,0,0,0,0,0,0,0,0
C00029-02,0,0,0,0,0,0,0,1,0,0,0
C00030-01,0,0,0,1,0,0,0,0,0,0,0
C00031-01,0,0,0,1,0,0,0,0,0,0,0
C00031-04,0,0,0,1,0,0,0,0,0,0,0
C00031-05,0,0,0,1,0,0,0,0,0,0,0
C00032-01,0,0,0,0,1,0,0,0,0,0,0
C00033-01,0,0,0,0,0,0,0,1,0,0,0
C00034-01,0,0,0,0,0,0,0,1,0,0,0
C00035-01,0,0,0,0,1,0,0,0,0,0,0
C00036-01,0,0,0,1,0,0,0,0,0,0,0
C00036-02,0,0,0,0,0,0,1,0,0,0,0
C00037-01,0,0,1,0,0,0,0,0,0,0,0
C00038-01,0,0,0,0,1,0,0,0,0,0,0
C00039-02,1,0,0,0,0,0,0,0,0,0,0
C00040-01,1,0,0,0,0,0,0,0,0,0,0
C00040-02,1,0,0,0,0,0,0,0,0,0,0
C00041-01,0,0,0,1,0,0,0,0,0,0,0
C00042-01,0,0,0,0,0,0,0,1,0,0,0
C00042-02,0,0,0,0,0,0,0,1,0,0,0
C00043-01,1,0,0,0,0,0,0,0,0,0,0
C00043-02,1,0,0,0,0,0,0,0,0,0,0
C00044-01,0,0,0,1,0,0,0,0,0,0,0
C00045-01,0,1,0,0,0,0,0,0,0,0,0
C00046-01,0,0,1,0,0,0,0,0,0,0,0
C00046-02,0,0,1,0,0,0,0,0,0,0,0
C00047-01,0,0,0,1,0,0,0,0,0,0,0
C00048-01,0,0,0,0,0,0,0,1,0,0,0
C00049-01,0,0,0,0,1,0,0,0,0,0,0
C00050-01,0,0,0,0,1,0,0,0,0,0,0
C00051-01,0,1,0,0,0,0,0,0,0,0,0
C00052-01,0,0,0,1,0,0,0,0,0,0,0
C00053-01,0,0,0,1,0,0,0,0,0,0,0
C00054-01,1,0,0,0,0,0,0,0,0,0,0
C00054-02,1,0,0,0,0,0,0,0,0,0,0
C00054-03,1,0,0,0,0,0,0,0,0,0,0
C00055-01,0,0,0,0,0,0,0,1,0,0,0
C00056-01,0,0,0,0,1,0,0,0,0,0,0
C00056-02,0,0,0,0,1,0,0,0,0,0,0
C00057-01,0,0,0,1,0,0,0,0,0,0,0
C00058-01,0,0,0,0,1,0,0,0,0,0,0
C00059-01,0,0,0,1,0,0,0,0,0,0,0
C00059-02,0,0,0,1,0,0,0,0,0,0,0
C00060-01,0,0,1,0,0,0,0,0,0,0,0
C00061-01,0,0,1,0,0,0,0,0,0,0,0
C00061-02,0,0,1,0,0,0,0,0,0,0,0
C00061-03,0,0,1,0,0,0,0,0,0,0,0
C00061-04,0,0,1,0,0,0,0,0,0,0,0
C00062-01,0,0,0,1,0,0,0,0,0,0,0
C00062-02,0,0,0,0,1,0,0,0,0,0,0
C00062-03,0,0,0,0,1,0,0,0,0,0,0
C00063-01,0,0,0,1,0,0,0,0,0,0,0
C00064-01,0,0,0,1,0,0,0,0,0,0,0
C00066-01,0,0,0,0,0,0,0,0,0,0,1
C00067-01,0,0,0,0,0,0,0,0,0,0,1
C00068-01,0,0,0,0,0,0,0,0,0,0,1
C00069-01,0,0,1,0,0,0,0,0,0,0,0
C00070-01,0,0,1,0,0,0,0,0,0,0,0
C00072-01,0,0,1,0,0,0,0,0,0,0,0
C00073-01,0,0,0,1,0,0,0,0,0,0,0
C00074-01,1,0,0,0,0,0,0,0,0,0,0
C00075-01,0,1,0,0,0,0,0,0,0,0,0
C00076-01,0,0,0,1,0,0,0,0,0,0,0
C00077-01,1,0,0,0,0,0,0,0,0,0,0
C00078-01,0,0,0,1,0,0,0,0,0,0,0
C00079-01,1,0,0,0,0,0,0,0,0,0,0
C00080-01,1,0,0,0,0,0,0,0,0,0,0
C00081-01,0,0,0,1,0,0,0,0,0,0,0
C00082-01,0,1,0,0,0,0,0,0,0,0,0
C00084-01,0,0,0,0,1,0,0,0,0,0,0
C00086-01,1,0,0,0,0,0,0,0,0,0,0
C00086-02,0,1,0,0,0,0,0,0,0,0,0
C00087-01,0,1,0,0,0,0,0,0,0,0,0
C00088-01,1,0,0,0,0,0,0,0,0,0,0
C00089-01,0,0,0,0,1,0,0,0,0,0,0
C00090-01,0,0,0,1,0,0,0,0,0,0,0
C00091-01,0,0,0,1,0,0,0,0,0,0,0
C00092-01,0,0,0,0,1,0,0,0,0,0,0
C00093-01,0,0,0,1,0,0,0,0,0,0,0
C00094-01,0,0,0,0,0,0,0,1,0,0,0
C00095-01,0,0,0,1,0,0,0,0,0,0,0
C00096-01,0,0,0,1,0,0,0,0,0,0,0
C00097-01,0,0,0,1,0,0,0,0,0,0,0
C00099-01,0,0,0,0,0,0,1,0,0,0,0
C00100-01,1,0,0,0,0,0,0,0,0,0,0
C00101-01,0,0,0,0,1,0,0,0,0,0,0
C00102-01,0,0,0,0,0,0,0,0,0,0,1
C00103-01,0,0,0,0,1,0,0,0,0,0,0
C00104-01,0,0,0,0,1,0,0,0,0,0,0
C00105-01,1,0,0,0,0,0,0,0,0,0,0
C00105-02,1,0,0,0,0,0,0,0,0,0,0
C00105-03,0,1,0,0,0,0,0,0,0,0,0
C00106-01,0,1,0,0,0,0,0,0,0,0,0
C00107-01,1,0,0,0,0,0,0,0,0,0,0
C00108-01,0,0,0,0,0,0,0,1,0,0,0
C00109-01,0,0,0,0,1,0,0,0,0,0,0
C00110-01,0,0,0,1,0,0,0,0,0,0,0
C00111-01,0,0,0,0,0,0,1,0,0,0,0
C00112-01,0,1,0,0,0,0,0,0,0,0,0
C00113-01,0,0,0,0,1,0,0,0,0,0,0
C00113-02,0,0,0,0,1,0,0,0,0,0,0
C00114-01,0,1,0,0,0,0,0,0,0,0,0
C00114-02,0,0,0,0,0,0,0,1,0,0,0
C00115-01,0,0,0,1,0,0,0,0,0,0,0
C00115-03,0,0,0,1,0,0,0,0,0,0,0
C00116-01,0,0,0,0,1,0,0,0,0,0,0
D00001-01,0,0,0,1,0,0,0,0,0,0,0
D00002-02,1,0,0,0,0,0,0,0,0,0,0
D00002-03,1,0,0,0,0,0,0,0,0,0,0
D00003-01,0,0,0,1,0,0,0,0,0,0,0
D00004-01,0,1,0,0,0,0,0,0,0,0,0
D00004-02,0,0,0,0,1,0,0,0,0,0,0
D00004-03,0,0,0,0,1,0,0,0,0,0,0
D00005-01,1,0,0,0,0,0,0,0,0,0,0
D00006-01,0,0,0,1,0,0,0,0,0,0,0
D00006-02,0,0,0,0,1,0,0,0,0,0,0
D00006-04,0,0,0,0,0,0,1,0,0,0,0
D00006-05,0,0,0,1,0,0,0,0,0,0,0
D00007-01,0,0,0,0,0,0,0,1,0,0,0
D00008-01,0,0,1,0,0,0,0,0,0,0,0
D00008-02,1,0,0,0,0,0,0,0,0,0,0
D00009-01,0,0,0,0,0,0,0,0,0,0,1
D00011-01,0,0,1,0,0,0,0,0,0,0,0
D00012-01,0,1,0,0,0,0,0,0,0,0,0
D00013-03,1,0,0,0,0,0,0,0,0,0,0
D00014-01,0,0,0,1,0,0,0,0,0,0,0
D00015-01,0,0,0,0,0,0,1,0,0,0,0
D00015-02,0,0,0,0,0,0,0,0,0,0,1
D00015-03,0,0,0,0,0,0,0,0,0,0,1
D00015-04,0,0,0,0,0,0,0,0,0,0,1
D00016-01,0,0,1,0,0,0,0,0,0,0,0
D00016-02,0,0,1,0,0,0,0,0,0,0,0
D00016-03,0,0,1,0,0,0,0,0,0,0,0
D00017-05,0,0,0,0,0,0,0,1,0,0,0
D00018-01,0,0,1,0,0,0,0,0,0,0,0
D00018-02,0,0,1,0,0,0,0,0,0,0,0
D00018-03,0,0,1,0,0,0,0,0,0,0,0
D00018-04,0,0,1,0,0,0,0,0,0,0,0
D00019-03,1,0,0,0,0,0,0,0,0,0,0
D00019-04,1,0,0,0,0,0,0,0,0,0,0
D00020-01,1,0,0,0,0,0,0,0,0,0,0
D00020-02,1,0,0,0,0,0,0,0,0,0,0
D00021-01,1,0,0,0,0,0,0,0,0,0,0
D00021-02,0,0,0,0,0,0,1,0,0,0,0
D00021-03,0,0,0,0,0,0,1,0,0,0,0
D00021-05,0,0,0,1,0,0,0,0,0,0,0
D00021-06,0,0,0,0,0,0,1,0,0,0,0
D00021-07,0,0,0,0,0,0,1,0,0,0,0
D00021-08,0,0,0,0,0,0,1,0,0,0,0
D00022-01,1,0,0,0,0,0,0,0,0,0,0
D00022-02,1,0,0,0,0,0,0,0,0,0,0
D00022-03,0,0,1,0,0,0,0,0,0,0,0
D00023-02,1,0,0,0,0,0,0,0,0,0,0
D00024-01,1,0,0,0,0,0,0,0,0,0,0
D00025-02,0,0,1,0,0,0,0,0,0,0,0
D00025-03,0,0,1,0,0,0,0,0,0,0,0
D00026-01,0,0,0,0,1,0,0,0,0,0,0
D00027-01,1,0,0,0,0,0,0,0,0,0,0
D00028-01,1,0,0,0,0,0,0,0,0,0,0
D00028-03,0,0,0,0,1,0,0,0,0,0,0
D00028-04,0,0,1,0,0,0,0,0,0,0,0
D00028-05,0,0,0,0,0,0,0,1,0,0,0
D00029-01,0,0,1,0,0,0,0,0,0,0,0
D00029-02,0,0,1,0,0,0,0,0,0,0,0
D00029-03,0,0,1,0,0,0,0,0,0,0,0
D00029-04,0,0,1,0,0,0,0,0,0,0,0
D00032-01,0,0,0,0,0,0,0,0,0,0,1
D00036-01,0,0,1,0,0,0,0,0,0,0,0
D00039-01,0,0,1,0,0,0,0,0,0,0,0
D00044-01,1,0,0,0,0,0,0,0,0,0,0
D00046-01,1,0,0,0,0,0,0,0,0,0,0
D00049-01,0,0,0,1,0,0,0,0,0,0,0
D00050-02,0,0,0,1,0,0,0,0,0,0,0
D00051-05,0,0,0,1,0,0,0,0,0,0,0
D00052-02,0,0,0,0,1,0,0,0,0,0,0
D00053-02,0,0,0,1,0,0,0,0,0,0,0
D00054-01,1,0,0,0,0,0,0,0,0,0,0
D00054-02,0,0,0,0,0,0,0,1,0,0,0
D00054-03,0,0,0,0,0,0,0,1,0,0,0
D00054-04,0,0,0,0,0,0,0,1,0,0,0
D00054-05,0,0,0,0,0,0,0,1,0,0,0
D00056-01,0,0,0,1,0,0,0,0,0,0,0
D00056-02,0,0,0,0,1,0,0,0,0,0,0
D00056-03,0,0,0,1,0,0,0,0,0,0,0
D00057-01,0,0,0,0,1,0,0,0,0,0,0
D00057-02,0,0,0,1,0,0,0,0,0,0,0
D00058-03,0,0,0,0,0,0,1,0,0,0,0
D00059-01,0,0,0,0,0,0,1,0,0,0,0
D00059-02,0,0,0,0,0,0,1,0,0,0,0
D00060-04,1,0,0,0,0,0,0,0,0,0,0
D00061-01,0,0,0,0,0,0,0,0,0,0,1
D00061-02,0,0,0,0,0,0,0,0,0,0,1
D00061-04,0,0,0,0,1,0,0,0,0,0,0
D00062-03,0,1,0,0,0,0,0,0,0,0,0
D00066-02,0,0,0,0,0,0,0,0,0,0,1
D00067-01,1,0,0,0,0,0,0,0,0,0,0
D00067-04,1,0,0,0,0,0,0,0,0,0,0
D00069-01,1,0,0,0,0,0,0,0,0,0,0
D00071-02,1,0,0,0,0,0,0,0,0,0,0
D00071-04,1,0,0,0,0,0,0,0,0,0,0
D00073-01,0,0,0,0,1,0,0,0,0,0,0
D00073-03,0,1,0,0,0,0,0,0,0,0,0
D00074-02,0,0,0,1,0,0,0,0,0,0,0
D00075-01,0,0,0,1,0,0,0,0,0,0,0
D00075-02,0,0,0,0,1,0,0,0,0,0,0
D00075-03,0,0,0,0,1,0,0,0,0,0,0
D00076-03,0,0,0,0,0,0,0,0,0,0,1
D00076-05,0,0,0,0,0,0,0,0,0,0,1
D00077-01,0,0,0,0,1,0,0,0,0,0,0
D00078-04,1,0,0,0,0,0,0,0,0,0,0
D00080-01,0,1,0,0,0,0,0,0,0,0,0
D00080-02,1,0,0,0,0,0,0,0,0,0,0
D00080-03,1,0,0,0,0,0,0,0,0,0,0
D00080-04,0,1,0,0,0,0,0,0,0,0,0
D00081-01,0,0,1,0,0,0,0,0,0,0,0
D00081-02,0,0,1,0,0,0,0,0,0,0,0
D00082-02,0,0,0,1,0,0,0,0,0,0,0
D00082-03,0,0,0,1,0,0,0,0,0,0,0
D00084-01,1,0,0,0,0,0,0,0,0,0,0
D00084-02,1,0,0,0,0,0,0,0,0,0,0
D00084-03,1,0,0,0,0,0,0,0,0,0,0
D00085-01,1,0,0,0,0,0,0,0,0,0,0
D00086-04,0,0,0,1,0,0,0,0,0,0,0
D00088-01,0,0,1,0,0,0,0,0,0,0,0
D00088-02,0,0,1,0,0,0,0,0,0,0,0
D00088-03,0,0,1,0,0,0,0,0,0,0,0
D00088-04,0,0,1,0,0,0,0,0,0,0,0
D00092-01,1,0,0,0,0,0,0,0,0,0,0
D00092-02,1,0,0,0,0,0,0,0,0,0,0
D00093-01,1,0,0,0,0,0,0,0,0,0,0
D00094-01,1,0,0,0,0,0,0,0,0,0,0
D00095-02,0,0,0,0,0,0,0,0,0,0,1
D00095-03,0,0,0,0,0,0,0,0,0,0,1
D00096-01,0,0,0,0,0,0,0,0,0,0,1
D00096-02,0,0,0,0,0,0,0,0,0,0,1
D00097-01,0,0,0,0,1,0,0,0,0,0,0
D00097-02,0,0,0,0,1,0,0,0,0,0,0
D00098-02,0,0,1,0,0,0,0,0,0,0,0
D00098-03,0,0,1,0,0,0,0,0,0,0,0
D00098-04,0,0,1,0,0,0,0,0,0,0,0
E00001-02,1,0,0,0,0,0,0,0,0,0,0
E00002-02,1,0,0,0,0,0,0,0,0,0,0
E00005-01,1,0,0,0,0,0,0,0,0,0,0
E00005-02,1,0,0,0,0,0,0,0,0,0,0
E00005-03,1,0,0,0,0,0,0,0,0,0,0
E00005-04,1,0,0,0,0,0,0,0,0,0,0
E00006-07,1,0,0,0,0,0,0,0,0,0,0
E00007-01,1,0,0,0,0,0,0,0,0,0,0
E00007-04,1,0,0,0,0,0,0,0,0,0,0
E00008-03,1,0,0,0,0,0,0,0,0,0,0
E00008-04,1,0,0,0,0,0,0,0,0,0,0
E00009-01,1,0,0,0,0,0,0,0,0,0,0
E00009-02,1,0,0,0,0,0,0,0,0,0,0
E00009-03,1,0,0,0,0,0,0,0,0,0,0
E00009-04,1,0,0,0,0,0,0,0,0,0,0
E00009-06,1,0,0,0,0,0,0,0,0,0,0
E00009-07,1,0,0,0,0,0,0,0,0,0,0
E00010-05,1,0,0,0,0,0,0,0,0,0,0
E00010-06,1,0,0,0,0,0,0,0,0,0,0
E00012-02,1,0,0,0,0,0,0,0,0,0,0
E00012-03,1,0,0,0,0,0,0,0,0,0,0
E00012-05,1,0,0,0,0,0,0,0,0,0,0
E00013-01,1,0,0,0,0,0,0,0,0,0,0
E00013-02,0,0,0,0,0,0,0,1,0,0,0
E00013-03,1,0,0,0,0,0,0,0,0,0,0
E00013-04,1,0,0,0,0,0,0,0,0,0,0
E00014-01,1,0,0,0,0,0,0,0,0,0,0
E00014-06,1,0,0,0,0,0,0,0,0,0,0
E00015-01,1,0,0,0,0,0,0,0,0,0,0
E00015-05,1,0,0,0,0,0,0,0,0,0,0
E00016-02,1,0,0,0,0,0,0,0,0,0,0
E00017-02,1,0,0,0,0,0,0,0,0,0,0
E00017-03,1,0,0,0,0,0,0,0,0,0,0
E00017-04,1,0,0,0,0,0,0,0,0,0,0
E00017-05,1,0,0,0,0,0,0,0,0,0,0
E00018-01,1,0,0,0,0,0,0,0,0,0,0
E00019-01,1,0,0,0,0,0,0,0,0,0,0
E00019-03,1,0,0,0,0,0,0,0,0,0,0
E00020-01,1,0,0,0,0,0,0,0,0,0,0
E00020-02,1,0,0,0,0,0,0,0,0,0,0
E00020-03,1,0,0,0,0,0,0,0,0,0,0
E00020-04,1,0,0,0,0,0,0,0,0,0,0
E00020-05,1,0,0,0,0,0,0,0,0,0,0
E00021-01,1,0,0,0,0,0,0,0,0,0,0
E00021-02,1,0,0,0,0,0,0,0,0,0,0
E00021-03,1,0,0,0,0,0,0,0,0,0,0
E00021-04,1,0,0,0,0,0,0,0,0,0,0
E00022-01,1,0,0,0,0,0,0,0,0,0,0
E00022-06,0,0,0,0,0,0,0,1,0,0,0
E00023-01,1,0,0,0,0,0,0,0,0,0,0
E00023-03,1,0,0,0,0,0,0,0,0,0,0
E00023-04,1,0,0,0,0,0,0,0,0,0,0
E00023-05,1,0,0,0,0,0,0,0,0,0,0
E00024-01,0,0,1,0,0,0,0,0,0,0,0
E00024-02,1,0,0,0,0,0,0,0,0,0,0
E00024-03,1,0,0,0,0,0,0,0,0,0,0
E00024-04,1,0,0,0,0,0,0,0,0,0,0
E00024-06,1,0,0,0,0,0,0,0,0,0,0
E00024-07,1,0,0,0,0,0,0,0,0,0,0
E00025-01,1,0,0,0,0,0,0,0,0,0,0
E00025-03,1,0,0,0,0,0,0,0,0,0,0
E00026-01,1,0,0,0,0,0,0,0,0,0,0
E00026-02,1,0,0,0,0,0,0,0,0,0,0
E00026-04,1,0,0,0,0,0,0,0,0,0,0
E00026-05,1,0,0,0,0,0,0,0,0,0,0
E00027-01,1,0,0,0,0,0,0,0,0,0,0
E00027-02,1,0,0,0,0,0,0,0,0,0,0
E00027-04,1,0,0,0,0,0,0,0,0,0,0
E00027-06,1,0,0,0,0,0,0,0,0,0,0
E00028-01,1,0,0,0,0,0,0,0,0,0,0
E00028-02,1,0,0,0,0,0,0,0,0,0,0
E00029-03,1,0,0,0,0,0,0,0,0,0,0
E00029-04,1,0,0,0,0,0,0,0,0,0,0
E00030-02,1,0,0,0,0,0,0,0,0,0,0
E00030-04,1,0,0,0,0,0,0,0,0,0,0
E00030-05,1,0,0,0,0,0,0,0,0,0,0
E00030-06,1,0,0,0,0,0,0,0,0,0,0
E00031-02,1,0,0,0,0,0,0,0,0,0,0
E00032-01,1,0,0,0,0,0,0,0,0,0,0
E00032-02,1,0,0,0,0,0,0,0,0,0,0
E00032-03,1,0,0,0,0,0,0,0,0,0,0
E00032-04,1,0,0,0,0,0,0,0,0,0,0
E00032-05,1,0,0,0,0,0,0,0,0,0,0
E00033-02,1,0,0,0,0,0,0,0,0,0,0
E00033-03,1,0,0,0,0,0,0,0,0,0,0
E00034-01,1,0,0,0,0,0,0,0,0,0,0
E00034-02,1,0,0,0,0,0,0,0,0,0,0
E00034-05,1,0,0,0,0,0,0,0,0,0,0
E00035-01,1,0,0,0,0,0,0,0,0,0,0
E00035-02,1,0,0,0,0,0,0,0,0,0,0
E00035-03,1,0,0,0,0,0,0,0,0,0,0
E00036-01,1,0,0,0,0,0,0,0,0,0,0
E00036-02,1,0,0,0,0,0,0,0,0,0,0
E00036-04,1,0,0,0,0,0,0,0,0,0,0
E00037-01,0,0,0,0,0,0,0,1,0,0,0
E00037-02,1,0,0,0,0,0,0,0,0,0,0
E00037-03,1,0,0,0,0,0,0,0,0,0,0
E00038-02,1,0,0,0,0,0,0,0,0,0,0
E00039-01,0,0,0,0,0,0,0,0,1,0,0
E00039-02,1,0,0,0,0,0,0,0,0,0,0
E00039-03,1,0,0,0,0,0,0,0,0,0,0
E00039-04,1,0,0,0,0,0,0,0,0,0,0
E00040-02,1,0,0,0,0,0,0,0,0,0,0
E00040-04,1,0,0,0,0,0,0,0,0,0,0
E00041-02,1,0,0,0,0,0,0,0,0,0,0
E00041-03,1,0,0,0,0,0,0,0,0,0,0
E00041-04,1,0,0,0,0,0,0,0,0,0,0
E00041-05,1,0,0,0,0,0,0,0,0,0,0
E00042-01,1,0,0,0,0,0,0,0,0,0,0
E00042-02,1,0,0,0,0,0,0,0,0,0,0
E00042-03,1,0,0,0,0,0,0,0,0,0,0
E00044-01,1,0,0,0,0,0,0,0,0,0,0
E00048-01,1,0,0,0,0,0,0,0,0,0,0
E00049-01,1,0,0,0,0,0,0,0,0,0,0
E00049-02,1,0,0,0,0,0,0,0,0,0,0
E00050-01,1,0,0,0,0,0,0,0,0,0,0
E00050-02,1,0,0,0,0,0,0,0,0,0,0
E00052-01,1,0,0,0,0,0,0,0,0,0,0
E00053-01,1,0,0,0,0,0,0,0,0,0,0
E00056-01,1,0,0,0,0,0,0,0,0,0,0
E00057-01,1,0,0,0,0,0,0,0,0,0,0
E00059-05,1,0,0,0,0,0,0,0,0,0,0
E00060-01,1,0,0,0,0,0,0,0,0,0,0
E00060-02,1,0,0,0,0,0,0,0,0,0,0
E00061-02,1,0,0,0,0,0,0,0,0,0,0
E00062-02,1,0,0,0,0,0,0,0,0,0,0
E00062-03,1,0,0,0,0,0,0,0,0,0,0
E00064-01,1,0,0,0,0,0,0,0,0,0,0
E00065-04,1,0,0,0,0,0,0,0,0,0,0
E00066-05,1,0,0,0,0,0,0,0,0,0,0
E00068-02,1,0,0,0,0,0,0,0,0,0,0
E00069-05,1,0,0,0,0,0,0,0,0,0,0
E00069-06,1,0,0,0,0,0,0,0,0,0,0
E00069-07,1,0,0,0,0,0,0,0,0,0,0
E00069-08,1,0,0,0,0,0,0,0,0,0,0
E00071-02,1,0,0,0,0,0,0,0,0,0,0
E00071-03,1,0,0,0,0,0,0,0,0,0,0
E00075-02,1,0,0,0,0,0,0,0,0,0,0
E00075-03,1,0,0,0,0,0,0,0,0,0,0
E00076-01,1,0,0,0,0,0,0,0,0,0,0
E00077-02,1,0,0,0,0,0,0,0,0,0,0
E00078-03,1,0,0,0,0,0,0,0,0,0,0
E00079-01,1,0,0,0,0,0,0,0,0,0,0
E00080-02,1,0,0,0,0,0,0,0,0,0,0
E00080-03,1,0,0,0,0,0,0,0,0,0,0
E00081-01,1,0,0,0,0,0,0,0,0,0,0
E00082-01,1,0,0,0,0,0,0,0,0,0,0
E00083-01,1,0,0,0,0,0,0,0,0,0,0
E00083-02,1,0,0,0,0,0,0,0,0,0,0
E00083-03,1,0,0,0,0,0,0,0,0,0,0
E00083-06,1,0,0,0,0,0,0,0,0,0,0
E00084-01,1,0,0,0,0,0,0,0,0,0,0
E00084-02,1,0,0,0,0,0,0,0,0,0,0
E00084-03,1,0,0,0,0,0,0,0,0,0,0
E00085-01,1,0,0,0,0,0,0,0,0,0,0
E00085-02,1,0,0,0,0,0,0,0,0,0,0
E00085-03,1,0,0,0,0,0,0,0,0,0,0
E00086-02,1,0,0,0,0,0,0,0,0,0,0
E00087-03,1,0,0,0,0,0,0,0,0,0,0
E00087-04,1,0,0,0,0,0,0,0,0,0,0
E00087-05,1,0,0,0,0,0,0,0,0,0,0
E00087-07,0,0,0,0,0,0,0,1,0,0,0
E00088-01,1,0,0,0,0,0,0,0,0,0,0
E00089-01,1,0,0,0,0,0,0,0,0,0,0
E00090-01,1,0,0,0,0,0,0,0,0,0,0
E00090-02,1,0,0,0,0,0,0,0,0,0,0
E00090-03,1,0,0,0,0,0,0,0,0,0,0
E00090-04,1,0,0,0,0,0,0,0,0,0,0
F00001-01,1,0,0,0,0,0,0,0,0,0,0
F00002-01,0,0,0,0,0,0,0,1,0,0,0
F00003-01,0,0,0,0,0,0,0,1,0,0,0
F00003-02,0,0,0,0,0,0,0,1,0,0,0
F00003-03,1,0,0,0,0,0,0,0,0,0,0
F00004-01,0,0,0,0,0,1,0,0,0,0,0
F00004-02,0,0,0,0,0,0,0,1,0,0,0
F00005-01,1,0,0,0,0,0,0,0,0,0,0
F00005-02,0,0,0,0,0,0,0,1,0,0,0
F00006-01,0,0,0,0,0,0,0,1,0,0,0
F00006-02,1,0,0,0,0,0,0,0,0,0,0
F00006-03,0,0,0,0,0,0,0,0,0,1,0
F00007-01,0,0,0,0,0,0,0,1,0,0,0
F00007-02,0,0,0,0,0,0,0,1,0,0,0
F00007-03,0,0,0,0,0,0,0,1,0,0,0
F00008-01,0,0,0,0,0,1,0,0,0,0,0
F00008-02,1,0,0,0,0,0,0,0,0,0,0
F00008-03,1,0,0,0,0,0,0,0,0,0,0
F00009-01,0,0,0,0,0,0,0,1,0,0,0
F00009-02,0,0,0,0,0,0,0,0,0,0,1
F00009-03,1,0,0,0,0,0,0,0,0,0,0
F00010-01,0,0,0,0,0,0,0,1,0,0,0
F00010-02,1,0,0,0,0,0,0,0,0,0,0
F00011-01,0,0,0,0,0,0,0,1,0,0,0
F00011-02,1,0,0,0,0,0,0,0,0,0,0
F00012-01,0,0,0,0,0,0,0,1,0,0,0
F00013-01,1,0,0,0,0,0,0,0,0,0,0
F00013-02,0,0,0,0,0,1,0,0,0,0,0
F00014-01,0,0,0,0,0,0,0,1,0,0,0
F00014-02,0,0,0,0,0,0,0,0,1,0,0
F00015-01,1,0,0,0,0,0,0,0,0,0,0
F00016-01,0,0,0,0,0,0,0,1,0,0,0
F00016-02,1,0,0,0,0,0,0,0,0,0,0
F00017-01,0,0,0,0,0,0,1,0,0,0,0
F00017-02,1,0,0,0,0,0,0,0,0,0,0
F00017-03,0,0,0,0,0,0,0,1,0,0,0
F00018-01,0,0,0,0,0,0,0,1,0,0,0
F00018-02,0,0,0,0,0,0,0,1,0,0,0
F00019-01,0,0,0,0,0,0,0,1,0,0,0
F00019-02,0,0,0,0,0,0,0,1,0,0,0
F00019-03,0,0,0,0,0,0,0,1,0,0,0
F00020-01,0,0,0,0,0,1,0,0,0,0,0
F00020-02,0,0,0,0,0,0,0,1,0,0,0
F00021-01,0,0,0,0,0,0,0,1,0,0,0
F00021-02,0,0,0,0,0,0,0,1,0,0,0
F00021-03,0,0,0,0,0,0,0,1,0,0,0
F00022-01,0,0,0,0,0,0,0,1,0,0,0
F00022-02,0,0,0,0,0,0,0,0,0,1,0
F00023-01,0,0,0,0,0,0,0,1,0,0,0
F00023-02,0,1,0,0,0,0,0,0,0,0,0
F00024-01,0,0,0,0,0,0,0,1,0,0,0
F00024-02,0,0,0,0,0,0,0,0,0,0,1
F00025-01,0,0,0,0,0,0,0,1,0,0,0
F00025-02,0,0,0,0,0,0,0,1,0,0,0
F00025-03,0,0,0,0,0,0,0,1,0,0,0
F00026-01,0,0,0,0,0,0,0,1,0,0,0
F00026-02,1,0,0,0,0,0,0,0,0,0,0
F00026-03,0,0,0,0,0,0,0,1,0,0,0
F00027-01,0,0,0,0,0,0,0,1,0,0,0
F00027-02,0,0,0,0,0,0,0,1,0,0,0
F00028-01,0,0,0,0,0,0,0,1,0,0,0
F00028-02,0,0,0,0,0,0,0,1,0,0,0
F00028-03,0,0,0,0,0,0,0,1,0,0,0
F00029-01,1,0,0,0,0,0,0,0,0,0,0
F00029-02,1,0,0,0,0,0,0,0,0,0,0
F00030-01,0,0,0,0,0,0,0,0,0,0,1
F00030-02,0,0,0,0,0,0,0,1,0,0,0
F00031-01,0,0,0,0,0,0,0,1,0,0,0
F00031-02,1,0,0,0,0,0,0,0,0,0,0
F00032-01,0,0,0,0,0,0,0,1,0,0,0
F00032-02,0,0,0,0,0,0,0,1,0,0,0
F00032-03,0,0,0,0,0,0,0,0,1,0,0
F00033-01,0,0,0,0,0,0,0,0,0,0,1
F00034-01,0,0,0,0,0,0,0,0,0,0,1
F00035-01,0,0,0,0,0,0,0,1,0,0,0
F00035-02,1,0,0,0,0,0,0,0,0,0,0
F00036-01,0,0,0,0,0,0,0,1,0,0,0
F00036-02,0,0,0,0,0,0,0,1,0,0,0
F00036-03,1,0,0,0,0,0,0,0,0,0,0
F00037-01,0,0,0,0,0,1,0,0,0,0,0
F00037-02,0,0,0,0,0,0,0,0,0,0,1
F00037-03,0,0,0,0,0,0,0,1,0,0,0
F00038-01,0,0,0,0,0,0,0,1,0,0,0
F00038-02,0,0,0,0,0,0,0,1,0,0,0
F00038-03,1,0,0,0,0,0,0,0,0,0,0
F00039-01,0,0,0,0,0,0,0,1,0,0,0
F00039-02,0,0,0,0,0,0,0,1,0,0,0
F00040-01,0,0,0,0,0,0,0,1,0,0,0
F00040-02,0,0,0,0,0,0,0,0,0,1,0
F00041-01,0,0,0,0,0,0,0,1,0,0,0
F00041-02,0,0,0,0,0,0,0,0,0,1,0
F00042-01,0,0,0,0,0,0,0,1,0,0,0
F00042-02,0,0,0,0,0,0,0,0,0,0,1
F00043-01,0,0,0,0,0,0,0,0,0,0,1
F00043-02,1,0,0,0,0,0,0,0,0,0,0
F00044-01,0,0,0,0,0,0,0,0,0,0,1
F00045-01,0,0,0,0,0,0,0,1,0,0,0
F00046-01,1,0,0,0,0,0,0,0,0,0,0
F00046-02,1,0,0,0,0,0,0,0,0,0,0
F00047-01,1,0,0,0,0,0,0,0,0,0,0
F00047-02,1,0,0,0,0,0,0,0,0,0,0
F00047-03,1,0,0,0,0,0,0,0,0,0,0
F00048-01,0,0,0,0,0,0,0,1,0,0,0
F00048-02,0,0,0,0,0,0,0,1,0,0,0
F00049-01,0,0,0,0,0,0,0,1,0,0,0
F00049-02,0,1,0,0,0,0,0,0,0,0,0
F00050-01,0,0,0,0,0,0,0,0,0,1,0
F00050-02,0,0,0,0,0,0,0,0,0,0,1
F00051-01,0,0,0,0,0,1,0,0,0,0,0
F00051-02,0,0,0,0,0,0,0,1,0,0,0
F00052-01,0,0,1,0,0,0,0,0,0,0,0
F00052-02,0,0,0,0,0,0,0,1,0,0,0
F00053-01,0,0,0,0,0,0,0,0,1,0,0
F00053-02,0,0,0,0,0,0,0,1,0,0,0
F00053-03,0,0,0,0,0,0,0,1,0,0,0
F00054-01,0,0,0,0,0,0,0,1,0,0,0
F00054-02,1,0,0,0,0,0,0,0,0,0,0
F00055-01,0,0,0,0,0,0,0,0,0,0,1
F00055-02,1,0,0,0,0,0,0,0,0,0,0
F00056-01,0,0,0,0,0,0,0,1,0,0,0
F00057-01,0,0,0,0,0,0,0,0,0,0,1
F00057-02,0,0,0,0,0,0,0,1,0,0,0
F00057-03,0,0,0,0,0,0,0,0,0,0,1
F00058-01,0,0,0,0,0,0,0,1,0,0,0
F00058-02,0,0,0,0,0,0,0,1,0,0,0
F00059-01,0,0,1,0,0,0,0,0,0,0,0
F00059-02,0,0,0,0,0,0,0,1,0,0,0
F00060-01,0,0,0,0,0,0,0,0,0,0,1
F00060-02,0,0,0,0,0,0,0,1,0,0,0
F00061-01,0,0,0,0,0,0,0,1,0,0,0
F00061-02,0,0,0,0,0,0,0,1,0,0,0
F00062-01,0,0,0,0,0,0,0,1,0,0,0
F00063-01,1,0,0,0,0,0,0,0,0,0,0
F00064-01,0,0,0,0,0,0,0,1,0,0,0
F00065-01,0,0,0,0,0,0,0,1,0,0,0
F00066-01,0,0,0,0,0,0,0,1,0,0,0
F00067-01,0,0,0,0,0,0,0,1,0,0,0
F00067-02,0,0,0,0,0,0,0,0,0,0,1
F00068-01,0,0,0,0,0,0,0,0,0,0,1
F00069-01,0,0,0,0,0,0,0,1,0,0,0
F00070-01,0,0,0,0,0,0,0,1,0,0,0
F00071-01,0,0,0,0,0,0,0,0,0,0,1
F00072-01,1,0,0,0,0,0,0,0,0,0,0
F00073-01,0,0,0,0,0,0,0,0,1,0,0
F00074-01,0,0,0,0,0,0,0,0,0,0,1
G00001-01,0,0,0,0,0,0,0,1,0,0,0
G00001-02,0,0,0,0,1,0,0,0,0,0,0
G00001-03,0,0,0,0,0,0,1,0,0,0,0
G00001-04,0,0,0,0,1,0,0,0,0,0,0
G00001-05,0,0,0,0,0,0,1,0,0,0,0
G00001-07,0,0,0,0,0,0,0,1,0,0,0
G00001-08,0,0,0,0,0,0,1,0,0,0,0
G00001-09,0,0,0,0,0,0,0,1,0,0,0
G00001-10,0,0,0,0,1,0,0,0,0,0,0
G00001-11,0,0,0,0,1,0,0,0,0,0,0
G00001-12,0,0,0,0,0,0,1,0,0,0,0
G00001-13,0,0,0,0,0,0,0,1,0,0,0
G00002-04,0,0,0,0,0,0,0,1,0,0,0
G00002-05,0,0,0,0,0,0,0,1,0,0,0
G00002-08,0,0,0,0,0,0,1,0,0,0,0
G00002-09,0,0,0,0,0,0,1,0,0,0,0
G00002-11,0,0,0,0,0,0,0,1,0,0,0
G00002-12,0,0,0,0,0,0,1,0,0,0,0
G00002-13,0,0,0,0,0,0,0,1,0,0,0
G00002-15,0,0,0,0,0,0,1,0,0,0,0
G00003-03,0,0,0,1,0,0,0,0,0,0,0
G00003-04,0,0,0,1,0,0,0,0,0,0,0
G00003-06,0,0,0,0,1,0,0,0,0,0,0
G00004-01,0,0,0,1,0,0,0,0,0,0,0
G00004-03,0,0,0,0,0,1,0,0,0,0,0
G00004-06,0,0,0,0,0,1,0,0,0,0,0
G00004-08,0,0,0,0,0,1,0,0,0,0,0
G00004-09,0,0,0,0,0,0,0,0,0,0,1
G00004-11,0,0,0,0,0,1,0,0,0,0,0
G00004-13,0,0,0,0,0,1,0,0,0,0,0
G00004-15,0,0,0,0,0,1,0,0,0,0,0
G00004-18,0,0,0,0,0,1,0,0,0,0,0
G00004-21,0,0,0,0,0,0,0,0,0,0,1
G00005-02,0,0,0,0,1,0,0,0,0,0,0
G00005-04,0,0,0,0,0,0,0,1,0,0,0
G00005-05,0,0,0,0,0,1,0,0,0,0,0
G00005-06,0,0,0,0,0,0,0,0,0,0,1
G00005-07,0,0,0,0,0,0,0,0,0,0,1
G00005-09,0,0,0,0,0,0,0,1,0,0,0
G00005-10,0,0,0,0,0,0,0,1,0,0,0
G00005-11,0,0,0,0,0,0,0,1,0,0,0
G00005-12,0,0,0,0,0,0,0,1,0,0,0
G00005-16,0,0,0,0,0,1,0,0,0,0,0
G00005-17,0,0,0,0,0,0,0,1,0,0,0
G00005-18,0,0,0,0,0,1,0,0,0,0,0
G00005-19,0,0,0,0,0,1,0,0,0,0,0
G00006-01,1,0,0,0,0,0,0,0,0,0,0
G00006-02,0,0,0,0,0,0,0,1,0,0,0
G00006-03,0,0,0,0,0,0,0,1,0,0,0
G00006-04,1,0,0,0,0,0,0,0,0,0,0
G00006-05,0,0,0,0,0,0,0,1,0,0,0
G00006-06,0,1,0,0,0,0,0,0,0,0,0
G00006-07,0,0,0,0,0,0,0,1,0,0,0
G00006-08,0,1,0,0,0,0,0,0,0,0,0
G00006-09,0,1,0,0,0,0,0,0,0,0,0
G00006-10,0,0,0,0,0,0,0,1,0,0,0
G00006-11,0,0,0,0,0,0,0,1,0,0,0
G00006-12,0,0,0,0,0,0,0,1,0,0,0
G00006-13,0,0,0,0,1,0,0,0,0,0,0
G00006-14,1,0,0,0,0,0,0,0,0,0,0
G00006-15,0,1,0,0,0,0,0,0,0,0,0
G00006-17,0,1,0,0,0,0,0,0,0,0,0
G00006-18,0,0,0,0,0,0,0,1,0,0,0
G00006-19,0,0,0,0,0,0,0,1,0,0,0
G00007-01,0,0,0,0,0,0,0,1,0,0,0
G00007-02,0,0,0,0,0,1,0,0,0,0,0
G00007-03,0,0,0,0,0,0,1,0,0,0,0
G00007-04,0,0,0,0,0,1,0,0,0,0,0
G00007-05,0,0,0,0,0,0,1,0,0,0,0
G00007-06,0,0,0,0,0,1,0,0,0,0,0
G00007-07,0,0,0,0,0,0,1,0,0,0,0
G00007-08,0,0,0,0,0,0,0,1,0,0,0
G00007-09,0,0,0,0,0,1,0,0,0,0,0
G00007-10,0,0,0,0,0,1,0,0,0,0,0
G00007-11,0,0,0,0,0,0,1,0,0,0,0
G00008-02,1,0,0,0,0,0,0,0,0,0,0
G00008-06,1,0,0,0,0,0,0,0,0,0,0
G00008-08,0,0,0,1,0,0,0,0,0,0,0
G00008-10,0,0,0,0,1,0,0,0,0,0,0
G00008-11,0,0,0,0,1,0,0,0,0,0,0
G00008-12,0,1,0,0,0,0,0,0,0,0,0
G00008-13,0,1,0,0,0,0,0,0,0,0,0
G00008-15,0,1,0,0,0,0,0,0,0,0,0
G00008-16,0,1,0,0,0,0,0,0,0,0,0
G00008-18,1,0,0,0,0,0,0,0,0,0,0
G00008-21,0,1,0,0,0,0,0,0,0,0,0
G00008-23,0,1,0,0,0,0,0,0,0,0,0
G00008-24,1,0,0,0,0,0,0,0,0,0,0
G00009-01,0,0,0,0,0,1,0,0,0,0,0
G00009-02,0,0,0,0,0,0,0,1,0,0,0
G00009-03,0,0,0,0,0,1,0,0,0,0,0
G00009-04,0,0,0,0,0,1,0,0,0,0,0
G00009-05,0,0,0,0,0,0,0,1,0,0,0
G00009-10,0,0,0,0,1,0,0,0,0,0,0
G00009-11,0,0,0,0,0,1,0,0,0,0,0
G00009-13,0,0,0,0,0,1,0,0,0,0,0
G00009-15,1,0,0,0,0,0,0,0,0,0,0
G00009-16,0,1,0,0,0,0,0,0,0,0,0
G00009-17,0,0,0,0,0,0,0,1,0,0,0
G00010-05,0,1,0,0,0,0,0,0,0,0,0
G00010-08,0,0,0,0,0,0,0,0,0,0,1
G00010-09,0,0,0,0,0,0,0,0,0,0,1
G00010-17,0,0,0,0,0,0,0,0,0,0,1
G00010-21,0,1,0,0,0,0,0,0,0,0,0
G00010-22,0,1,0,0,0,0,0,0,0,0,0
G00011-09,0,0,0,0,1,0,0,0,0,0,0
G00011-15,0,1,0,0,0,0,0,0,0,0,0
G00011-18,1,0,0,0,0,0,0,0,0,0,0
G00012-04,0,0,0,0,0,0,1,0,0,0,0
G00012-05,0,0,0,0,1,0,0,0,0,0,0
G00012-09,0,0,0,0,1,0,0,0,0,0,0
G00012-13,0,0,0,1,0,0,0,0,0,0,0
G00012-14,0,0,0,1,0,0,0,0,0,0,0
G00012-15,0,0,0,1,0,0,0,0,0,0,0
G00012-16,0,0,0,0,1,0,0,0,0,0,0
G00012-18,0,0,0,0,1,0,0,0,0,0,0
G00013-01,1,0,0,0,0,0,0,0,0,0,0
G00013-02,0,1,0,0,0,0,0,0,0,0,0
G00013-03,1,0,0,0,0,0,0,0,0,0,0
G00013-06,0,1,0,0,0,0,0,0,0,0,0
G00013-08,1,0,0,0,0,0,0,0,0,0,0
G00013-09,1,0,0,0,0,0,0,0,0,0,0
G00013-15,1,0,0,0,0,0,0,0,0,0,0
G00013-16,1,0,0,0,0,0,0,0,0,0,0
G00013-18,1,0,0,0,0,0,0,0,0,0,0
G00013-19,1,0,0,0,0,0,0,0,0,0,0
G00013-20,1,0,0,0,0,0,0,0,0,0,0
G00013-21,1,0,0,0,0,0,0,0,0,0,0
G00013-22,1,0,0,0,0,0,0,0,0,0,0
G00013-24,1,0,0,0,0,0,0,0,0,0,0
G00014-04,1,0,0,0,0,0,0,0,0,0,0
G00014-06,1,0,0,0,0,0,0,0,0,0,0
G00014-07,1,0,0,0,0,0,0,0,0,0,0
G00014-08,1,0,0,0,0,0,0,0,0,0,0
G00014-09,1,0,0,0,0,0,0,0,0,0,0
G00014-11,1,0,0,0,0,0,0,0,0,0,0
G00014-15,1,0,0,0,0,0,0,0,0,0,0
G00014-16,1,0,0,0,0,0,0,0,0,0,0
G00014-18,1,0,0,0,0,0,0,0,0,0,0
G00014-21,1,0,0,0,0,0,0,0,0,0,0
G00014-22,1,0,0,0,0,0,0,0,0,0,0
G00014-24,1,0,0,0,0,0,0,0,0,0,0
G00014-25,1,0,0,0,0,0,0,0,0,0,0
G00014-27,1,0,0,0,0,0,0,0,0,0,0
G00014-32,1,0,0,0,0,0,0,0,0,0,0
G00015-01,0,0,0,1,0,0,0,0,0,0,0
G00015-02,0,0,0,1,0,0,0,0,0,0,0
G00015-03,0,0,0,1,0,0,0,0,0,0,0
G00015-04,0,0,0,1,0,0,0,0,0,0,0
G00015-12,0,0,0,1,0,0,0,0,0,0,0
G00015-15,0,0,0,1,0,0,0,0,0,0,0
G00016-01,0,1,0,0,0,0,0,0,0,0,0
G00016-02,1,0,0,0,0,0,0,0,0,0,0
G00016-04,1,0,0,0,0,0,0,0,0,0,0
G00016-07,0,1,0,0,0,0,0,0,0,0,0
G00016-14,0,1,0,0,0,0,0,0,0,0,0
G00016-16,1,0,0,0,0,0,0,0,0,0,0
G00016-19,0,1,0,0,0,0,0,0,0,0,0
G00016-20,0,1,0,0,0,0,0,0,0,0,0
G00016-21,1,0,0,0,0,0,0,0,0,0,0
G00016-23,1,0,0,0,0,0,0,0,0,0,0
G00016-24,1,0,0,0,0,0,0,0,0,0,0
G00016-25,1,0,0,0,0,0,0,0,0,0,0
G00017-04,0,0,0,1,0,0,0,0,0,0,0
G00017-06,0,0,0,1,0,0,0,0,0,0,0
G00017-13,0,0,0,1,0,0,0,0,0,0,0
G00017-18,0,0,0,1,0,0,0,0,0,0,0
G00017-21,0,0,0,1,0,0,0,0,0,0,0
G00017-22,0,0,0,1,0,0,0,0,0,0,0
G00017-25,0,0,0,1,0,0,0,0,0,0,0
G00018-02,0,0,0,0,0,0,0,0,0,0,1
G00018-06,0,0,0,0,0,0,0,0,0,0,1
G00018-12,0,0,0,0,0,0,0,0,0,0,1
G00018-13,0,0,0,0,0,0,0,0,0,0,1
G00018-19,0,0,0,0,0,0,0,0,0,0,1
G00018-20,0,0,0,0,0,0,0,0,0,0,1
G00018-23,0,0,0,0,0,0,0,0,0,0,1
G00018-24,0,0,0,0,0,0,0,0,0,0,1
G00018-26,0,0,0,0,0,0,0,0,0,0,1
G00019-01,0,0,0,0,0,1,0,0,0,0,0
G00019-02,0,0,0,0,1,0,0,0,0,0,0
G00019-04,0,0,0,0,0,1,0,0,0,0,0
G00019-06,0,0,0,0,0,1,0,0,0,0,0
G00019-07,0,0,0,0,0,1,0,0,0,0,0
G00019-08,0,0,0,0,0,1,0,0,0,0,0
G00019-14,0,0,0,0,1,0,0,0,0,0,0
G00019-15,0,0,0,0,0,0,0,1,0,0,0
G00019-16,0,0,0,0,1,0,0,0,0,0,0
G00019-17,0,0,0,0,0,0,0,1,0,0,0
G00019-18,0,0,0,0,0,0,0,1,0,0,0
G00019-20,0,0,0,0,0,0,0,0,0,0,1
G00019-23,0,0,0,0,1,0,0,0,0,0,0
G00019-24,0,0,0,0,0,0,0,1,0,0,0
G00019-25,0,0,0,0,0,0,0,1,0,0,0
G00019-28,0,0,0,0,0,0,0,1,0,0,0
G00019-32,0,0,0,0,0,0,0,1,0,0,0
G00019-33,0,0,0,0,0,0,0,1,0,0,0
G00019-34,0,0,0,0,0,1,0,0,0,0,0
G00019-35,0,1,0,0,0,0,0,0,0,0,0
G00020-04,0,0,0,1,0,0,0,0,0,0,0
G00020-05,0,0,0,1,0,0,0,0,0,0,0
G00020-09,0,0,0,1,0,0,0,0,0,0,0
G00020-13,0,0,0,1,0,0,0,0,0,0,0
G00020-23,0,0,0,1,0,0,0,0,0,0,0
G00021-01,0,0,0,0,0,0,1,0,0,0,0
G00021-03,0,0,0,0,1,0,0,0,0,0,0
G00021-04,0,0,0,0,0,0,1,0,0,0,0
G00021-08,0,0,0,0,0,0,1,0,0,0,0
G00022-05,0,0,0,1,0,0,0,0,0,0,0
G00022-13,0,0,0,1,0,0,0,0,0,0,0
G00022-18,0,0,0,1,0,0,0,0,0,0,0
G00022-25,0,0,0,0,1,0,0,0,0,0,0
G00023-02,0,0,0,0,0,0,1,0,0,0,0
G00023-06,0,0,0,0,0,0,1,0,0,0,0
G00023-08,0,0,0,0,0,0,1,0,0,0,0
G00023-09,0,0,0,0,0,0,1,0,0,0,0
G00024-04,1,0,0,0,0,0,0,0,0,0,0
G00024-09,1,0,0,0,0,0,0,0,0,0,0
G00024-12,1,0,0,0,0,0,0,0,0,0,0
G00024-15,0,1,0,0,0,0,0,0,0,0,0
G00024-21,0,1,0,0,0,0,0,0,0,0,0
G00025-03,0,0,0,0,0,0,1,0,0,0,0
G00025-09,0,0,0,0,0,0,1,0,0,0,0
G00025-12,0,0,0,0,0,0,1,0,0,0,0
G00025-18,0,0,0,0,0,0,1,0,0,0,0
G00025-21,0,0,0,0,0,0,1,0,0,0,0
G00025-25,0,0,0,0,0,0,1,0,0,0,0
G00025-27,0,0,0,0,0,0,1,0,0,0,0
G00026-05,0,1,0,0,0,0,0,0,0,0,0
G00026-09,0,1,0,0,0,0,0,0,0,0,0
G00026-13,1,0,0,0,0,0,0,0,0,0,0
G00026-22,1,0,0,0,0,0,0,0,0,0,0
G00026-24,1,0,0,0,0,0,0,0,0,0,0
G00027-09,1,0,0,0,0,0,0,0,0,0,0
G00027-16,1,0,0,0,0,0,0,0,0,0,0
G00027-25,1,0,0,0,0,0,0,0,0,0,0
G00027-26,1,0,0,0,0,0,0,0,0,0,0
G00027-28,0,1,0,0,0,0,0,0,0,0,0
G00028-06,0,0,0,1,0,0,0,0,0,0,0
G00028-16,0,0,0,0,1,0,0,0,0,0,0
G00028-17,0,0,0,1,0,0,0,0,0,0,0
G00028-20,0,0,0,1,0,0,0,0,0,0,0
G00028-21,0,0,0,1,0,0,0,0,0,0,0
G00029-03,1,0,0,0,0,0,0,0,0,0,0
G00029-07,1,0,0,0,0,0,0,0,0,0,0
G00029-08,1,0,0,0,0,0,0,0,0,0,0
G00029-11,1,0,0,0,0,0,0,0,0,0,0
G00029-13,1,0,0,0,0,0,0,0,0,0,0
G00029-14,1,0,0,0,0,0,0,0,0,0,0
G00029-15,1,0,0,0,0,0,0,0,0,0,0
G00029-17,0,1,0,0,0,0,0,0,0,0,0
G00030-10,1,0,0,0,0,0,0,0,0,0,0
G00031-03,0,0,0,1,0,0,0,0,0,0,0
G00031-13,0,0,0,1,0,0,0,0,0,0,0
G00031-17,0,0,0,1,0,0,0,0,0,0,0
G00031-18,0,0,0,1,0,0,0,0,0,0,0
G00032-08,1,0,0,0,0,0,0,0,0,0,0
G00032-09,1,0,0,0,0,0,0,0,0,0,0
G00032-10,1,0,0,0,0,0,0,0,0,0,0
G00032-23,1,0,0,0,0,0,0,0,0,0,0
G00032-24,1,0,0,0,0,0,0,0,0,0,0
G00032-25,1,0,0,0,0,0,0,0,0,0,0
G00032-26,1,0,0,0,0,0,0,0,0,0,0
G00033-01,0,0,0,0,0,0,0,1,0,0,0
G00033-03,0,0,0,0,0,0,0,0,0,0,1
G00033-04,0,0,0,0,0,0,0,0,0,0,1
G00033-05,0,0,0,0,0,0,0,0,0,0,1
G00033-06,0,0,0,0,0,0,0,0,0,0,1
G00033-07,0,0,0,0,0,0,0,0,0,0,1
G00033-08,0,0,0,0,0,0,0,0,0,0,1
G00033-10,0,0,0,0,0,0,0,0,0,0,1
G00033-12,0,0,0,0,0,0,0,0,0,0,1
G00033-14,0,0,0,0,0,0,1,0,0,0,0
G00034-03,0,0,0,1,0,0,0,0,0,0,0
G00034-13,0,0,0,1,0,0,0,0,0,0,0
G00034-14,0,1,0,0,0,0,0,0,0,0,0
G00034-16,0,0,0,0,1,0,0,0,0,0,0
G00034-20,0,1,0,0,0,0,0,0,0,0,0
G00035-01,0,1,0,0,0,0,0,0,0,0,0
G00035-02,0,1,0,0,0,0,0,0,0,0,0
G00035-04,1,0,0,0,0,0,0,0,0,0,0
G00035-05,0,0,1,0,0,0,0,0,0,0,0
G00035-06,0,0,1,0,0,0,0,0,0,0,0
G00035-14,0,0,0,0,0,0,0,1,0,0,0
G00035-19,0,0,0,0,0,0,0,1,0,0,0
G00035-21,0,1,0,0,0,0,0,0,0,0,0
G00035-23,0,0,0,0,0,0,0,1,0,0,0
G00035-27,0,0,0,0,0,0,0,1,0,0,0
G00035-28,0,0,0,0,0,0,0,1,0,0,0
G00035-29,0,1,0,0,0,0,0,0,0,0,0
G00036-09,1,0,0,0,0,0,0,0,0,0,0
G00036-24,0,1,0,0,0,0,0,0,0,0,0
G00037-05,1,0,0,0,0,0,0,0,0,0,0
G00037-08,1,0,0,0,0,0,0,0,0,0,0
G00037-09,1,0,0,0,0,0,0,0,0,0,0
G00037-22,0,1,0,0,0,0,0,0,0,0,0
G00038-22,1,0,0,0,0,0,0,0,0,0,0
G00039-04,1,0,0,0,0,0,0,0,0,0,0
G00039-05,1,0,0,0,0,0,0,0,0,0,0
G00039-09,0,0,0,1,0,0,0,0,0,0,0
G00039-14,0,0,0,1,0,0,0,0,0,0,0
G00039-15,0,0,0,1,0,0,0,0,0,0,0
G00039-18,0,0,0,0,1,0,0,0,0,0,0
G00039-19,1,0,0,0,0,0,0,0,0,0,0
G00040-01,0,0,0,0,0,0,1,0,0,0,0
G00041-01,0,0,0,0,0,0,1,0,0,0,0
G00042-02,0,0,0,0,1,0,0,0,0,0,0
G00042-03,0,0,0,1,0,0,0,0,0,0,0
G00042-04,0,0,0,0,0,0,0,1,0,0,0
G00042-05,0,0,0,0,1,0,0,0,0,0,0
G00043-01,0,0,0,1,0,0,0,0,0,0,0
G00043-02,0,0,0,0,1,0,0,0,0,0,0
G00044-04,0,0,0,0,0,0,1,0,0,0,0
G00044-05,0,0,0,1,0,0,0,0,0,0,0
G00045-01,0,0,0,0,0,0,1,0,0,0,0
G00046-01,1,0,0,0,0,0,0,0,0,0,0
G00046-02,0,1,0,0,0,0,0,0,0,0,0
G00046-03,0,1,0,0,0,0,0,0,0,0,0
G00046-04,0,1,0,0,0,0,0,0,0,0,0
G00046-06,0,0,0,0,0,0,1,0,0,0,0
G00046-08,0,1,0,0,0,0,0,0,0,0,0
G00046-09,0,0,0,0,1,0,0,0,0,0,0
G00047-01,1,0,0,0,0,0,0,0,0,0,0
G00048-02,0,0,0,1,0,0,0,0,0,0,0
G00048-05,0,0,0,0,1,0,0,0,0,0,0
G00049-02,1,0,0,0,0,0,0,0,0,0,0
G00050-01,0,0,0,0,0,0,1,0,0,0,0
G00051-02,0,0,0,1,0,0,0,0,0,0,0
G00051-03,0,0,0,0,0,0,1,0,0,0,0
G00051-07,0,0,0,1,0,0,0,0,0,0,0
G00052-01,0,0,0,0,0,0,1,0,0,0,0
G00052-05,0,0,0,0,1,0,0,0,0,0,0
G00052-06,0,0,0,0,0,0,1,0,0,0,0
G00052-07,0,0,0,0,1,0,0,0,0,0,0
G00053-04,0,0,0,0,1,0,0,0,0,0,0
G00053-05,0,0,0,0,0,0,1,0,0,0,0
G00053-06,0,0,0,0,1,0,0,0,0,0,0
G00054-01,0,0,0,0,0,0,1,0,0,0,0
G00054-02,0,0,0,0,0,0,1,0,0,0,0
G00054-06,0,0,0,0,1,0,0,0,0,0,0
G00054-12,0,0,0,1,0,0,0,0,0,0,0
G00055-01,0,0,0,0,1,0,0,0,0,0,0
G00055-03,0,0,0,0,1,0,0,0,0,0,0
G00055-04,0,0,0,1,0,0,0,0,0,0,0
G00055-08,0,0,0,1,0,0,0,0,0,0,0
G00055-09,0,0,0,1,0,0,0,0,0,0,0
G00056-02,0,0,0,0,1,0,0,0,0,0,0
G00056-03,0,0,0,1,0,0,0,0,0,0,0
G00056-05,0,0,0,0,0,0,1,0,0,0,0
G00056-07,0,0,0,1,0,0,0,0,0,0,0
G00056-08,0,0,0,0,1,0,0,0,0,0,0
G00056-09,0,0,0,0,1,0,0,0,0,0,0
G00057-01,0,0,0,0,1,0,0,0,0,0,0
G00057-05,0,0,0,0,1,0,0,0,0,0,0
G00057-06,0,0,0,0,1,0,0,0,0,0,0
G00057-08,0,0,0,0,1,0,0,0,0,0,0
G00057-10,0,0,0,0,1,0,0,0,0,0,0
G00058-03,0,0,0,1,0,0,0,0,0,0,0
G00058-04,0,0,0,0,1,0,0,0,0,0,0
G00058-06,0,0,0,1,0,0,0,0,0,0,0
G00058-12,0,0,0,0,1,0,0,0,0,0,0
G00058-14,0,0,0,0,1,0,0,0,0,0,0
G00058-16,0,0,0,0,1,0,0,0,0,0,0
G00059-01,0,0,0,0,0,0,1,0,0,0,0
G00059-05,0,0,0,0,0,0,1,0,0,0,0
G00059-12,0,0,0,0,0,0,1,0,0,0,0
G00059-13,0,0,0,0,0,0,1,0,0,0,0
G00060-05,0,0,0,0,1,0,0,0,0,0,0
G00060-06,0,0,0,0,1,0,0,0,0,0,0
G00060-09,0,0,0,0,1,0,0,0,0,0,0
G00061-01,0,0,0,0,0,0,1,0,0,0,0
G00061-02,0,0,0,0,0,0,1,0,0,0,0
G00061-03,0,0,0,0,0,0,1,0,0,0,0
G00061-04,0,0,0,0,0,0,1,0,0,0,0
G00061-05,0,0,0,0,0,0,1,0,0,0,0
G00061-06,0,0,0,0,0,0,1,0,0,0,0
G00061-07,0,0,0,0,0,0,1,0,0,0,0
G00061-08,0,0,0,0,0,0,1,0,0,0,0
G00061-09,0,0,0,0,0,0,1,0,0,0,0
G00061-10,0,0,0,0,1,0,0,0,0,0,0
G00061-11,0,0,0,0,0,0,1,0,0,0,0
G00061-12,0,0,0,0,1,0,0,0,0,0,0
G00061-13,0,0,0,0,0,0,0,1,0,0,0
G00062-01,0,0,0,1,0,0,0,0,0,0,0
G00064-05,1,0,0,0,0,0,0,0,0,0,0
G00064-08,1,0,0,0,0,0,0,0,0,0,0
G00064-10,0,1,0,0,0,0,0,0,0,0,0
G00064-11,1,0,0,0,0,0,0,0,0,0,0
G00064-13,0,1,0,0,0,0,0,0,0,0,0
G00065-08,0,0,0,0,0,0,0,0,0,0,1
G00065-09,0,0,0,0,1,0,0,0,0,0,0
G00065-10,0,0,0,0,0,0,0,0,0,0,1
G00066-04,0,0,0,0,0,0,0,1,0,0,0
G00066-05,1,0,0,0,0,0,0,0,0,0,0
G00066-06,0,0,0,0,0,0,1,0,0,0,0
G00066-07,0,0,0,0,1,0,0,0,0,0,0
G00066-08,0,0,0,0,0,0,0,0,0,0,1
G00066-09,0,1,0,0,0,0,0,0,0,0,0
G00066-10,0,0,0,0,1,0,0,0,0,0,0
G00066-11,0,0,0,0,1,0,0,0,0,0,0
G00067-03,0,0,0,0,1,0,0,0,0,0,0
G00067-05,0,0,0,0,1,0,0,0,0,0,0
G00067-06,0,0,0,0,1,0,0,0,0,0,0
G00067-13,0,0,0,0,0,0,1,0,0,0,0
G00068-08,0,0,0,0,0,0,1,0,0,0,0
G00069-02,0,0,0,1,0,0,0,0,0,0,0
G00069-05,0,0,0,1,0,0,0,0,0,0,0
G00070-01,0,0,0,0,0,0,1,0,0,0,0
G00070-02,0,0,0,0,0,0,1,0,0,0,0
G00070-04,0,0,0,0,0,0,1,0,0,0,0
G00070-05,0,0,0,0,1,0,0,0,0,0,0
G00070-06,0,0,0,0,1,0,0,0,0,0,0
G00070-09,0,0,0,0,0,0,1,0,0,0,0
G00070-11,0,0,0,0,0,0,1,0,0,0,0
G00070-12,0,0,0,0,0,0,1,0,0,0,0
G00071-01,0,0,0,0,1,0,0,0,0,0,0
G00071-03,0,0,0,1,0,0,0,0,0,0,0
G00071-06,0,0,0,0,1,0,0,0,0,0,0
G00071-08,0,0,0,0,1,0,0,0,0,0,0
G00072-01,0,0,0,0,0,0,1,0,0,0,0
G00072-02,0,0,0,0,0,0,1,0,0,0,0
G00072-03,0,0,0,0,0,0,1,0,0,0,0
G00072-04,0,0,0,0,0,0,1,0,0,0,0
G00072-05,0,0,0,0,0,0,1,0,0,0,0
G00072-06,0,0,0,0,0,0,1,0,0,0,0
G00072-07,0,0,0,0,0,0,1,0,0,0,0
G00072-08,0,0,0,0,0,0,1,0,0,0,0
G00072-09,0,0,0,0,1,0,0,0,0,0,0
G00072-10,0,0,0,0,1,0,0,0,0,0,0
G00072-11,0,0,0,0,1,0,0,0,0,0,0
G00072-12,0,0,0,0,0,0,1,0,0,0,0
G00072-13,0,0,0,0,1,0,0,0,0,0,0
G00072-14,0,0,0,0,1,0,0,0,0,0,0
G00072-15,0,0,0,0,1,0,0,0,0,0,0
G00072-16,0,0,0,0,1,0,0,0,0,0,0
G00072-17,0,0,0,0,1,0,0,0,0,0,0
G00072-18,0,0,0,0,1,0,0,0,0,0,0
G00072-19,0,0,0,0,1,0,0,0,0,0,0
G00072-20,0,0,0,0,1,0,0,0,0,0,0
G00073-02,0,0,0,0,1,0,0,0,0,0,0
G00073-05,0,0,0,0,1,0,0,0,0,0,0
G00073-06,0,0,0,1,0,0,0,0,0,0,0
G00073-07,0,0,0,0,1,0,0,0,0,0,0
G00073-10,0,0,0,0,1,0,0,0,0,0,0
G00074-01,0,0,0,0,1,0,0,0,0,0,0
G00074-03,0,0,0,1,0,0,0,0,0,0,0
G00074-05,0,0,0,0,1,0,0,0,0,0,0
G00074-06,0,0,0,0,1,0,0,0,0,0,0
G00074-10,0,0,0,0,1,0,0,0,0,0,0
G00074-12,0,0,0,1,0,0,0,0,0,0,0
G00074-13,0,0,0,1,0,0,0,0,0,0,0
G00074-14,0,0,0,1,0,0,0,0,0,0,0
G00075-01,0,0,0,0,1,0,0,0,0,0,0
G00075-06,0,0,0,0,1,0,0,0,0,0,0
G00075-07,1,0,0,0,0,0,0,0,0,0,0
G00076-03,0,0,0,0,0,0,0,0,0,0,1
G00076-04,0,0,0,0,0,0,0,0,0,0,1
G00076-06,0,0,0,0,0,0,0,0,0,0,1
G00076-07,0,0,0,0,0,0,0,0,0,0,1
G00076-08,0,0,0,0,0,0,0,0,0,0,1
G00076-10,0,0,0,0,0,0,1,0,0,0,0
G00076-11,0,1,0,0,0,0,0,0,0,0,0
G00077-01,0,0,0,1,0,0,0,0,0,0,0
G00077-03,0,0,0,0,1,0,0,0,0,0,0
G00077-04,0,0,0,1,0,0,0,0,0,0,0
G00077-05,0,0,0,0,1,0,0,0,0,0,0
G00077-06,0,0,0,0,1,0,0,0,0,0,0
G00077-07,0,0,0,1,0,0,0,0,0,0,0
G00077-08,0,0,0,0,1,0,0,0,0,0,0
G00077-09,0,0,0,1,0,0,0,0,0,0,0
G00077-10,0,0,0,1,0,0,0,0,0,0,0
G00077-11,0,0,0,0,1,0,0,0,0,0,0
G00078-01,0,0,0,0,0,0,1,0,0,0,0
G00078-05,0,0,0,1,0,0,0,0,0,0,0
G00078-07,0,0,0,1,0,0,0,0,0,0,0
G00078-08,0,0,0,1,0,0,0,0,0,0,0
G00078-12,0,0,0,0,1,0,0,0,0,0,0
G00078-13,0,0,0,0,1,0,0,0,0,0,0
G00078-15,0,0,0,0,1,0,0,0,0,0,0
G00078-16,0,0,0,1,0,0,0,0,0,0,0
G00079-02,1,0,0,0,0,0,0,0,0,0,0
G00079-03,0,1,0,0,0,0,0,0,0,0,0
G00079-04,0,0,0,0,0,0,0,1,0,0,0
G00079-05,0,1,0,0,0,0,0,0,0,0,0
G00079-06,1,0,0,0,0,0,0,0,0,0,0
G00079-07,1,0,0,0,0,0,0,0,0,0,0
G00080-02,0,0,0,0,1,0,0,0,0,0,0
G00080-03,0,0,0,0,1,0,0,0,0,0,0
G00080-05,0,0,0,0,0,0,0,1,0,0,0
G00080-06,0,0,0,0,1,0,0,0,0,0,0
G00080-07,0,0,0,0,0,0,0,1,0,0,0
G00080-10,0,0,0,0,1,0,0,0,0,0,0
G00081-01,0,0,0,0,1,0,0,0,0,0,0
G00081-04,0,0,0,1,0,0,0,0,0,0,0
G00081-07,0,0,0,0,1,0,0,0,0,0,0
G00081-08,0,0,0,0,1,0,0,0,0,0,0
G00081-09,0,0,0,0,1,0,0,0,0,0,0
G00081-10,0,0,0,0,0,0,1,0,0,0,0
G00081-13,0,0,0,0,0,0,1,0,0,0,0
G00081-14,0,0,0,0,0,0,1,0,0,0,0
G00081-15,0,0,0,0,0,0,1,0,0,0,0
G00081-16,0,0,0,0,0,0,1,0,0,0,0
G00081-17,0,0,0,0,1,0,0,0,0,0,0
G00081-18,0,0,0,0,0,0,1,0,0,0,0
G00081-19,0,0,0,0,0,0,1,0,0,0,0
G00081-20,0,0,0,0,0,0,1,0,0,0,0
G00082-05,0,1,0,0,0,0,0,0,0,0,0
G00082-06,0,1,0,0,0,0,0,0,0,0,0
G00082-07,1,0,0,0,0,0,0,0,0,0,0
G00082-08,0,1,0,0,0,0,0,0,0,0,0
G00082-09,0,1,0,0,0,0,0,0,0,0,0
G00082-12,0,1,0,0,0,0,0,0,0,0,0
G00082-13,0,1,0,0,0,0,0,0,0,0,0
G00082-15,0,1,0,0,0,0,0,0,0,0,0
G00082-16,0,1,0,0,0,0,0,0,0,0,0
G00083-01,0,0,0,0,0,0,1,0,0,0,0
G00083-03,0,0,0,0,0,0,1,0,0,0,0
G00083-04,0,0,0,0,0,0,1,0,0,0,0
G00083-05,0,0,0,0,0,0,1,0,0,0,0
G00083-06,0,0,0,0,0,0,1,0,0,0,0
G00083-07,0,0,0,0,0,0,1,0,0,0,0
G00083-08,0,0,0,0,0,0,1,0,0,0,0
G00083-09,0,0,0,0,0,0,1,0,0,0,0
G00083-10,0,0,0,1,0,0,0,0,0,0,0
G00083-11,0,0,0,1,0,0,0,0,0,0,0
G00083-15,0,0,0,0,0,0,1,0,0,0,0
G00084-10,0,0,0,1,0,0,0,0,0,0,0
G00084-17,0,0,0,1,0,0,0,0,0,0,0
G00084-18,0,0,0,1,0,0,0,0,0,0,0
G00084-19,0,0,0,1,0,0,0,0,0,0,0
G00084-20,0,0,0,1,0,0,0,0,0,0,0
G00085-01,0,0,0,0,0,0,1,0,0,0,0
G00085-02,0,0,0,0,0,0,1,0,0,0,0
G00085-10,0,0,0,1,0,0,0,0,0,0,0
G00085-11,0,0,0,1,0,0,0,0,0,0,0
G00085-12,0,0,0,1,0,0,0,0,0,0,0
G00085-13,0,0,0,1,0,0,0,0,0,0,0
G00085-14,0,0,0,0,1,0,0,0,0,0,0
G00085-15,0,0,0,0,1,0,0,0,0,0,0
G00085-16,0,0,0,0,1,0,0,0,0,0,0
G00085-17,0,0,0,1,0,0,0,0,0,0,0
G00086-05,0,0,0,0,0,0,1,0,0,0,0
G00086-06,0,0,0,0,0,0,1,0,0,0,0
G00086-08,0,0,0,1,0,0,0,0,0,0,0
G00086-10,0,0,0,0,0,0,1,0,0,0,0
G00087-01,0,0,0,0,1,0,0,0,0,0,0
G00087-05,0,0,0,0,1,0,0,0,0,0,0
G00087-08,0,0,0,0,0,0,1,0,0,0,0
G00087-11,0,0,0,1,0,0,0,0,0,0,0
G00087-13,0,0,0,0,0,0,1,0,0,0,0
G00088-02,0,0,0,0,1,0,0,0,0,0,0
G00088-03,0,0,0,1,0,0,0,0,0,0,0
G00088-06,0,0,0,1,0,0,0,0,0,0,0
G00088-08,0,0,0,1,0,0,0,0,0,0,0
G00088-09,0,0,0,0,1,0,0,0,0,0,0
G00088-10,0,0,0,1,0,0,0,0,0,0,0
G00088-13,0,0,0,1,0,0,0,0,0,0,0
G00088-14,0,0,0,1,0,0,0,0,0,0,0
G00088-21,0,0,0,0,0,0,1,0,0,0,0
G00089-01,0,0,0,0,0,0,1,0,0,0,0
G00089-02,0,0,0,0,0,0,1,0,0,0,0
G00089-03,0,0,0,0,0,0,1,0,0,0,0
G00089-04,0,0,0,0,0,0,1,0,0,0,0
G00089-06,0,0,0,0,0,0,1,0,0,0,0
G00089-07,0,0,0,0,0,0,1,0,0,0,0
G00089-08,0,0,0,0,0,0,0,1,0,0,0
G00089-09,0,0,0,0,1,0,0,0,0,0,0
G00089-10,0,0,0,0,0,0,0,1,0,0,0
G00089-11,0,0,0,0,1,0,0,0,0,0,0
G00089-12,0,0,0,0,1,0,0,0,0,0,0
G00089-13,0,0,0,0,1,0,0,0,0,0,0
G00089-14,0,0,0,0,0,0,1,0,0,0,0
G00089-15,0,0,0,0,0,0,1,0,0,0,0
G00089-16,0,0,0,0,1,0,0,0,0,0,0
G00089-17,0,0,0,0,1,0,0,0,0,0,0
G00089-18,0,0,0,0,1,0,0,0,0,0,0
G00090-05,0,0,0,0,0,0,1,0,0,0,0
G00090-06,0,0,0,0,0,0,1,0,0,0,0
G00090-07,0,0,0,1,0,0,0,0,0,0,0
G00090-08,0,0,0,0,1,0,0,0,0,0,0
G00090-09,0,1,0,0,0,0,0,0,0,0,0
G00090-10,0,1,0,0,0,0,0,0,0,0,0
G00090-11,1,0,0,0,0,0,0,0,0,0,0
G00090-12,0,1,0,0,0,0,0,0,0,0,0
G00090-13,1,0,0,0,0,0,0,0,0,0,0
G00090-14,0,1,0,0,0,0,0,0,0,0,0
G00090-18,1,0,0,0,0,0,0,0,0,0,0
G00090-19,0,1,0,0,0,0,0,0,0,0,0
G00091-01,0,0,0,0,0,0,0,0,0,0,1
G00091-03,0,0,0,0,0,0,0,0,0,0,1
G00091-04,0,0,0,0,0,0,0,0,0,0,1
G00091-05,0,0,0,0,0,0,0,0,0,0,1
G00091-06,0,0,0,0,0,0,0,0,0,0,1
G00091-07,0,0,0,0,0,0,0,0,0,0,1
G00091-08,0,0,0,0,0,0,0,0,0,0,1
G00091-10,0,0,0,0,0,0,0,0,0,0,1
G00091-11,0,0,0,0,0,0,0,0,0,0,1
G00091-12,0,0,0,0,0,0,0,0,0,0,1
G00091-13,0,0,0,0,0,0,0,0,0,0,1
G00091-14,0,0,0,0,0,0,0,0,0,0,1
G00091-15,0,0,0,0,0,0,0,0,0,0,1
G00092-01,1,0,0,0,0,0,0,0,0,0,0
G00092-02,1,0,0,0,0,0,0,0,0,0,0
G00092-04,1,0,0,0,0,0,0,0,0,0,0
G00092-06,0,1,0,0,0,0,0,0,0,0,0
G00092-07,0,1,0,0,0,0,0,0,0,0,0
G00092-08,0,1,0,0,0,0,0,0,0,0,0
G00092-09,0,1,0,0,0,0,0,0,0,0,0
G00092-10,0,1,0,0,0,0,0,0,0,0,0
G00092-11,0,1,0,0,0,0,0,0,0,0,0
G00092-12,0,1,0,0,0,0,0,0,0,0,0
G00092-15,0,0,0,1,0,0,0,0,0,0,0
G00092-16,0,0,0,0,1,0,0,0,0,0,0
G00092-17,0,0,0,0,1,0,0,0,0,0,0
G00092-19,0,0,0,0,1,0,0,0,0,0,0
G00092-21,0,0,0,0,1,0,0,0,0,0,0
G00093-02,0,0,0,0,1,0,0,0,0,0,0
G00093-03,0,0,0,0,0,0,0,0,0,0,1
G00093-04,0,0,0,0,0,0,0,0,0,0,1
G00093-05,0,0,0,0,1,0,0,0,0,0,0
G00093-06,0,0,0,0,1,0,0,0,0,0,0
G00093-07,0,0,0,0,0,0,0,0,0,0,1
G00093-08,0,0,0,0,1,0,0,0,0,0,0
G00093-09,0,0,0,0,1,0,0,0,0,0,0
G00093-10,0,0,0,0,1,0,0,0,0,0,0
G00093-11,0,0,0,0,1,0,0,0,0,0,0
G00093-12,0,0,0,0,0,0,0,0,0,0,1
G00093-13,0,0,0,0,1,0,0,0,0,0,0
G00093-14,0,1,0,0,0,0,0,0,0,0,0
G00093-15,0,0,0,0,1,0,0,0,0,0,0
G00093-16,0,0,0,0,1,0,0,0,0,0,0
G00093-17,0,0,0,0,1,0,0,0,0,0,0
G00093-18,0,0,0,0,1,0,0,0,0,0,0
G00094-01,1,0,0,0,0,0,0,0,0,0,0
G00094-04,1,0,0,0,0,0,0,0,0,0,0
G00094-08,1,0,0,0,0,0,0,0,0,0,0
G00094-13,1,0,0,0,0,0,0,0,0,0,0
G00094-15,1,0,0,0,0,0,0,0,0,0,0
G00095-04,0,0,0,0,1,0,0,0,0,0,0
G00095-06,0,0,0,0,1,0,0,0,0,0,0
G00095-07,0,0,0,0,1,0,0,0,0,0,0
G00095-08,0,0,0,1,0,0,0,0,0,0,0
G00095-11,0,0,0,0,0,0,0,0,0,0,1
G00095-12,0,0,0,0,0,0,0,0,0,0,1
G00095-13,0,0,0,0,0,0,0,0,0,0,1
G00095-14,0,0,0,0,0,0,0,0,0,0,1
G00095-15,0,0,0,0,0,0,1,0,0,0,0
G00095-16,0,0,0,0,0,0,0,0,0,0,1
G00095-17,0,0,0,0,1,0,0,0,0,0,0
G00095-18,0,0,0,0,0,0,0,0,0,0,1
G00095-19,0,0,0,0,1,0,0,0,0,0,0
G00096-01,0,0,0,1,0,0,0,0,0,0,0
G00096-03,0,0,0,1,0,0,0,0,0,0,0
G00096-05,0,0,0,1,0,0,0,0,0,0,0
G00096-06,0,0,0,1,0,0,0,0,0,0,0
G00096-07,0,0,0,1,0,0,0,0,0,0,0
G00097-02,0,0,0,0,1,0,0,0,0,0,0
G00097-04,0,0,0,0,1,0,0,0,0,0,0
G00097-07,0,0,0,0,1,0,0,0,0,0,0
G00097-08,0,0,0,0,1,0,0,0,0,0,0
G00097-09,0,0,0,0,1,0,0,0,0,0,0
G00098-01,0,0,0,1,0,0,0,0,0,0,0
G00098-10,0,0,0,0,1,0,0,0,0,0,0
G00098-13,0,1,0,0,0,0,0,0,0,0,0
G00099-01,0,0,0,0,0,0,1,0,0,0,0
G00099-08,0,0,0,0,1,0,0,0,0,0,0
G00099-09,0,0,0,0,1,0,0,0,0,0,0
G00099-11,0,0,0,0,1,0,0,0,0,0,0
G00100-01,1,0,0,0,0,0,0,0,0,0,0
G00100-02,1,0,0,0,0,0,0,0,0,0,0
G00100-06,1,0,0,0,0,0,0,0,0,0,0
G00100-07,0,1,0,0,0,0,0,0,0,0,0
G00100-08,0,1,0,0,0,0,0,0,0,0,0
G00100-09,1,0,0,0,0,0,0,0,0,0,0
G00100-11,1,0,0,0,0,0,0,0,0,0,0
G00100-12,0,1,0,0,0,0,0,0,0,0,0
G00100-14,1,0,0,0,0,0,0,0,0,0,0
G00100-16,1,0,0,0,0,0,0,0,0,0,0
G00100-17,1,0,0,0,0,0,0,0,0,0,0
G00101-01,0,0,0,0,0,0,1,0,0,0,0
G00101-03,0,0,0,0,0,0,1,0,0,0,0
G00101-06,0,0,0,0,0,0,1,0,0,0,0
G00101-09,0,0,0,0,0,0,1,0,0,0,0
G00101-12,0,0,0,0,0,0,1,0,0,0,0
G00101-17,0,0,0,0,0,0,1,0,0,0,0
G00102-02,0,0,0,1,0,0,0,0,0,0,0
G00102-05,0,0,0,1,0,0,0,0,0,0,0
G00102-06,0,0,0,1,0,0,0,0,0,0,0
G00102-08,0,0,0,1,0,0,0,0,0,0,0
G00102-09,0,0,0,1,0,0,0,0,0,0,0
G00102-11,0,0,0,1,0,0,0,0,0,0,0
G00102-13,0,0,0,1,0,0,0,0,0,0,0
G00103-03,0,0,0,0,0,0,1,0,0,0,0
G00103-05,0,0,0,0,0,0,1,0,0,0,0
G00103-06,0,0,0,0,0,0,1,0,0,0,0
G00103-07,0,0,0,0,0,0,1,0,0,0,0
G00103-08,0,0,0,0,0,0,1,0,0,0,0
G00103-09,0,0,0,0,0,0,1,0,0,0,0
G00103-10,0,0,0,0,0,0,1,0,0,0,0
G00103-11,0,0,0,0,0,0,1,0,0,0,0
G00103-12,0,0,0,0,0,0,1,0,0,0,0
G00103-13,0,0,0,0,0,0,1,0,0,0,0
G00103-14,0,0,0,0,0,0,1,0,0,0,0
G00103-15,0,0,0,0,0,0,1,0,0,0,0
G00103-16,0,0,0,0,1,0,0,0,0,0,0
G00103-17,0,0,0,0,1,0,0,0,0,0,0
G00103-18,0,0,0,0,0,0,1,0,0,0,0
G00104-01,0,0,0,0,0,0,1,0,0,0,0
G00104-02,0,0,0,0,0,0,1,0,0,0,0
G00104-04,0,0,0,0,0,0,1,0,0,0,0
G00104-06,0,0,0,0,0,0,1,0,0,0,0
G00104-08,0,0,0,0,1,0,0,0,0,0,0
G00104-09,0,0,0,0,0,0,1,0,0,0,0
G00104-10,0,0,0,0,1,0,0,0,0,0,0
G00104-12,0,0,0,0,0,0,1,0,0,0,0
G00104-13,0,0,0,0,0,0,1,0,0,0,0
G00104-14,0,0,0,0,0,0,1,0,0,0,0
G00105-01,0,0,0,1,0,0,0,0,0,0,0
G00105-02,0,0,0,1,0,0,0,0,0,0,0
G00105-03,0,0,0,1,0,0,0,0,0,0,0
G00105-04,0,0,0,0,0,0,1,0,0,0,0
G00105-05,0,0,0,1,0,0,0,0,0,0,0
G00105-06,0,0,0,1,0,0,0,0,0,0,0
G00105-07,0,0,0,1,0,0,0,0,0,0,0
G00106-04,0,0,0,1,0,0,0,0,0,0,0
G00106-07,0,0,0,0,1,0,0,0,0,0,0
G00107-01,0,0,0,0,1,0,0,0,0,0,0
G00107-03,0,1,0,0,0,0,0,0,0,0,0
G00107-04,0,0,0,0,0,0,0,0,0,0,1
G00107-05,1,0,0,0,0,0,0,0,0,0,0
G00107-06,0,1,0,0,0,0,0,0,0,0,0
G00107-08,0,1,0,0,0,0,0,0,0,0,0
G00107-09,1,0,0,0,0,0,0,0,0,0,0
G00107-10,0,1,0,0,0,0,0,0,0,0,0
G00107-11,0,1,0,0,0,0,0,0,0,0,0
G00107-14,0,1,0,0,0,0,0,0,0,0,0
G00108-01,0,0,0,0,1,0,0,0,0,0,0
G00109-06,0,0,0,0,0,0,1,0,0,0,0
G00109-08,0,0,0,0,0,0,1,0,0,0,0
G00109-10,0,0,0,0,1,0,0,0,0,0,0
G00109-12,0,0,0,0,0,0,1,0,0,0,0
G00109-15,0,0,0,0,1,0,0,0,0,0,0
G00109-18,0,0,0,1,0,0,0,0,0,0,0
G00110-01,0,0,0,0,0,0,0,0,0,0,1
G00110-04,0,0,0,1,0,0,0,0,0,0,0
G00110-09,0,0,0,0,0,0,0,0,1,0,0
G00110-11,0,0,0,0,0,0,0,0,0,0,1
G00111-01,0,0,0,0,0,0,1,0,0,0,0
G00111-02,0,0,0,0,0,0,1,0,0,0,0
G00111-04,0,0,0,0,0,0,1,0,0,0,0
G00111-11,0,0,0,0,1,0,0,0,0,0,0
G00111-13,0,0,0,0,1,0,0,0,0,0,0
G00111-14,0,0,0,0,1,0,0,0,0,0,0
G00111-17,0,0,0,0,1,0,0,0,0,0,0
G00111-18,0,0,0,0,1,0,0,0,0,0,0
G00112-05,0,0,0,0,1,0,0,0,0,0,0
G00112-07,0,0,0,0,1,0,0,0,0,0,0
G00112-08,0,0,0,0,1,0,0,0,0,0,0
G00112-17,0,0,0,1,0,0,0,0,0,0,0
G00112-19,0,0,0,1,0,0,0,0,0,0,0
G00113-01,0,0,0,0,1,0,0,0,0,0,0
G00113-03,0,0,0,0,0,0,1,0,0,0,0
G00113-05,0,0,0,0,1,0,0,0,0,0,0
G00113-08,0,0,0,0,0,0,1,0,0,0,0
G00113-10,0,0,0,0,0,0,1,0,0,0,0
G00113-11,0,0,0,0,0,0,1,0,0,0,0
G00113-15,0,0,0,0,0,0,1,0,0,0,0
G00113-16,0,0,0,0,0,0,1,0,0,0,0
G00113-18,0,0,0,0,1,0,0,0,0,0,0
G00113-19,0,0,0,0,0,0,1,0,0,0,0
G00114-01,0,0,0,0,1,0,0,0,0,0,0
G00114-03,0,0,0,0,1,0,0,0,0,0,0
G00114-04,0,0,0,0,0,0,1,0,0,0,0
G00114-05,0,0,0,0,1,0,0,0,0,0,0
G00114-08,0,0,0,0,1,0,0,0,0,0,0
G00114-10,0,0,0,0,0,0,0,1,0,0,0
G00114-12,0,0,0,0,1,0,0,0,0,0,0
G00114-14,0,0,0,0,0,0,0,1,0,0,0
G00114-16,0,0,0,0,1,0,0,0,0,0,0
G00114-18,0,0,0,0,1,0,0,0,0,0,0
G00115-04,0,0,0,0,0,0,1,0,0,0,0
G00115-07,0,0,0,0,0,0,1,0,0,0,0
G00115-11,0,0,0,0,0,0,1,0,0,0,0
G00115-12,0,0,0,0,1,0,0,0,0,0,0
G00115-16,0,0,0,0,1,0,0,0,0,0,0
G00115-18,0,0,0,0,1,0,0,0,0,0,0
G00115-19,0,0,0,0,1,0,0,0,0,0,0
G00116-01,0,0,0,1,0,0,0,0,0,0,0
G00116-02,0,0,0,1,0,0,0,0,0,0,0
G00116-03,0,0,0,0,1,0,0,0,0,0,0
G00116-04,0,0,0,1,0,0,0,0,0,0,0
G00116-05,0,0,0,0,1,0,0,0,0,0,0
G00116-06,0,0,0,0,1,0,0,0,0,0,0
G00116-07,0,0,0,0,1,0,0,0,0,0,0
G00117-01,0,0,0,0,0,0,1,0,0,0,0
G00117-02,0,0,0,0,0,0,1,0,0,0,0
G00117-03,0,0,0,0,0,0,1,0,0,0,0
G00117-05,0,0,0,0,0,0,0,1,0,0,0
G00117-06,0,0,0,0,0,0,1,0,0,0,0
G00117-07,0,0,0,0,0,0,1,0,0,0,0
G00117-08,0,0,0,0,0,0,1,0,0,0,0
G00118-03,0,0,0,1,0,0,0,0,0,0,0
G00118-05,0,0,0,1,0,0,0,0,0,0,0
G00118-12,0,0,0,1,0,0,0,0,0,0,0
G00118-13,0,0,0,0,1,0,0,0,0,0,0
G00119-07,0,0,0,0,0,0,1,0,0,0,0
G00119-12,0,0,0,0,0,0,1,0,0,0,0
G00119-15,0,0,0,0,0,0,1,0,0,0,0
G00119-16,0,0,0,0,1,0,0,0,0,0,0
G00119-17,0,0,0,0,1,0,0,0,0,0,0
G00119-18,0,0,0,0,1,0,0,0,0,0,0
G00119-19,0,1,0,0,0,0,0,0,0,0,0
G00119-20,0,0,0,0,0,0,1,0,0,0,0
G00120-02,0,0,0,0,0,0,1,0,0,0,0
G00120-03,0,0,0,0,0,0,1,0,0,0,0
G00120-04,0,0,0,0,0,0,1,0,0,0,0
G00120-05,0,0,0,0,0,0,1,0,0,0,0
G00120-06,0,0,0,0,0,0,1,0,0,0,0
G00120-08,0,0,0,0,0,0,1,0,0,0,0
G00120-09,0,0,0,0,0,0,1,0,0,0,0
G00120-10,0,0,0,0,0,0,1,0,0,0,0
G00120-11,0,0,0,0,0,0,1,0,0,0,0
G00120-12,0,0,0,0,0,0,1,0,0,0,0
G00120-14,0,0,0,0,0,0,1,0,0,0,0
G00120-15,0,0,0,0,0,0,1,0,0,0,0
G00120-16,0,0,0,0,0,0,1,0,0,0,0
G00121-01,0,0,0,1,0,0,0,0,0,0,0
G00121-02,0,0,0,1,0,0,0,0,0,0,0
G00121-03,0,0,0,1,0,0,0,0,0,0,0
G00121-04,0,0,0,1,0,0,0,0,0,0,0
G00122-01,0,0,0,0,0,0,1,0,0,0,0
G00122-02,0,0,0,1,0,0,0,0,0,0,0
G00122-04,1,0,0,0,0,0,0,0,0,0,0
G00122-17,0,1,0,0,0,0,0,0,0,0,0
G00122-18,0,1,0,0,0,0,0,0,0,0,0
G00122-19,0,1,0,0,0,0,0,0,0,0,0
G00123-06,0,0,0,0,1,0,0,0,0,0,0
G00123-07,0,0,0,1,0,0,0,0,0,0,0
G00123-09,0,0,0,1,0,0,0,0,0,0,0
G00123-11,0,0,0,0,1,0,0,0,0,0,0
G00123-12,0,0,0,0,1,0,0,0,0,0,0
G00124-12,1,0,0,0,0,0,0,0,0,0,0
G00124-15,1,0,0,0,0,0,0,0,0,0,0
G00125-02,0,0,0,0,0,0,1,0,0,0,0
G00125-04,0,0,0,0,0,0,1,0,0,0,0
G00125-08,0,0,0,1,0,0,0,0,0,0,0
G00125-09,0,0,0,0,0,0,1,0,0,0,0
G00125-12,0,0,0,1,0,0,0,0,0,0,0
G00125-14,0,0,0,0,1,0,0,0,0,0,0
G00125-15,0,0,0,0,0,0,1,0,0,0,0
G00125-18,0,0,0,1,0,0,0,0,0,0,0
G00125-19,0,0,0,0,0,0,1,0,0,0,0
G00125-20,0,0,0,0,1,0,0,0,0,0,0
G00126-06,0,0,0,0,0,0,1,0,0,0,0
G00126-15,0,0,0,0,0,0,1,0,0,0,0
G00126-17,0,0,0,0,0,0,1,0,0,0,0
G00126-20,0,0,0,0,0,0,1,0,0,0,0
G00127-01,0,0,0,0,0,0,1,0,0,0,0
G00127-02,0,0,0,0,0,0,1,0,0,0,0
G00127-03,0,0,0,0,0,0,1,0,0,0,0
G00127-04,0,0,0,0,1,0,0,0,0,0,0
G00127-06,0,0,0,0,1,0,0,0,0,0,0
G00127-07,0,0,0,0,0,0,1,0,0,0,0
G00127-08,0,0,0,0,1,0,0,0,0,0,0
G00127-09,0,0,0,0,0,0,1,0,0,0,0
G00127-12,0,0,0,0,1,0,0,0,0,0,0
G00127-13,0,0,0,0,1,0,0,0,0,0,0
G00127-14,0,0,0,0,1,0,0,0,0,0,0
G00127-15,0,0,0,0,0,0,1,0,0,0,0
G00128-02,0,0,0,1,0,0,0,0,0,0,0
G00128-08,0,0,0,1,0,0,0,0,0,0,0
G00128-09,0,0,0,1,0,0,0,0,0,0,0
G00128-10,0,0,0,1,0,0,0,0,0,0,0
G00128-15,0,0,0,1,0,0,0,0,0,0,0
G00128-17,0,0,0,0,1,0,0,0,0,0,0
G00128-18,0,0,0,0,1,0,0,0,0,0,0
G00129-01,0,0,0,1,0,0,0,0,0,0,0
G00129-02,0,0,0,0,1,0,0,0,0,0,0
G00129-04,0,0,0,0,1,0,0,0,0,0,0
G00129-05,0,0,0,0,0,0,1,0,0,0,0
G00129-06,0,1,0,0,0,0,0,0,0,0,0
G00129-07,0,1,0,0,0,0,0,0,0,0,0
G00129-08,0,0,0,0,0,0,0,1,0,0,0
G00129-09,0,0,0,0,1,0,0,0,0,0,0
G00129-10,0,0,0,0,0,0,0,1,0,0,0
G00129-11,0,0,0,0,0,0,0,1,0,0,0
G00130-01,0,0,0,0,0,0,1,0,0,0,0
G00130-02,0,0,0,0,1,0,0,0,0,0,0
G00130-03,0,0,0,0,1,0,0,0,0,0,0
G00130-04,0,0,0,0,1,0,0,0,0,0,0
G00130-05,0,0,0,1,0,0,0,0,0,0,0
G00130-06,0,0,0,0,1,0,0,0,0,0,0
G00130-08,0,0,0,0,1,0,0,0,0,0,0
G00130-09,0,0,0,0,1,0,0,0,0,0,0
G00130-10,0,0,0,0,1,0,0,0,0,0,0
G00131-01,1,0,0,0,0,0,0,0,0,0,0
G00131-03,1,0,0,0,0,0,0,0,0,0,0
G00131-06,1,0,0,0,0,0,0,0,0,0,0
G00131-07,1,0,0,0,0,0,0,0,0,0,0
G00131-10,1,0,0,0,0,0,0,0,0,0,0
G00131-11,0,0,0,0,0,0,1,0,0,0,0
G00131-12,1,0,0,0,0,0,0,0,0,0,0
G00131-13,1,0,0,0,0,0,0,0,0,0,0
G00131-14,1,0,0,0,0,0,0,0,0,0,0
G00131-17,1,0,0,0,0,0,0,0,0,0,0
G00131-19,1,0,0,0,0,0,0,0,0,0,0
G00131-22,1,0,0,0,0,0,0,0,0,0,0
G00132-01,0,0,0,0,1,0,0,0,0,0,0
G00132-02,0,0,0,0,0,0,1,0,0,0,0
G00132-03,0,0,0,0,1,0,0,0,0,0,0
G00132-04,0,0,0,0,0,0,1,0,0,0,0
G00132-05,0,0,0,1,0,0,0,0,0,0,0
G00132-06,0,0,0,0,0,0,1,0,0,0,0
G00132-07,0,0,0,0,1,0,0,0,0,0,0
G00132-08,0,0,0,0,1,0,0,0,0,0,0
G00132-09,0,0,0,0,1,0,0,0,0,0,0
G00132-10,0,0,0,0,1,0,0,0,0,0,0
G00132-11,0,0,0,0,0,0,1,0,0,0,0
G00132-12,0,0,0,0,0,0,1,0,0,0,0
G00132-13,0,0,0,0,0,0,1,0,0,0,0
G00132-15,0,0,0,0,1,0,0,0,0,0,0
G00132-16,0,0,0,0,1,0,0,0,0,0,0
G00132-20,0,0,0,0,1,0,0,0,0,0,0
G00132-21,0,0,0,0,1,0,0,0,0,0,0
G00133-03,0,0,0,0,0,0,0,1,0,0,0
G00133-04,0,0,0,0,1,0,0,0,0,0,0
G00133-05,0,0,0,0,1,0,0,0,0,0,0
G00133-06,0,0,0,0,1,0,0,0,0,0,0
G00133-07,0,0,0,0,1,0,0,0,0,0,0
G00133-08,0,0,0,0,0,0,0,1,0,0,0
G00133-09,0,0,0,0,1,0,0,0,0,0,0
G00133-10,0,0,0,0,1,0,0,0,0,0,0
G00133-11,0,0,0,0,1,0,0,0,0,0,0
G00133-12,0,0,0,0,1,0,0,0,0,0,0
G00133-14,0,0,0,0,1,0,0,0,0,0,0
G00133-15,0,0,0,0,1,0,0,0,0,0,0
G00133-16,0,0,0,0,1,0,0,0,0,0,0
G00133-17,0,0,0,0,1,0,0,0,0,0,0
G00133-18,0,0,0,0,1,0,0,0,0,0,0
G00133-19,0,0,0,0,1,0,0,0,0,0,0
G00133-20,0,0,0,0,1,0,0,0,0,0,0
G00133-21,0,0,0,0,1,0,0,0,0,0,0
G00133-22,0,0,0,0,1,0,0,0,0,0,0
G00133-23,0,0,0,0,1,0,0,0,0,0,0
G00133-24,0,0,0,0,1,0,0,0,0,0,0
G00133-25,0,0,0,0,0,0,0,1,0,0,0
G00134-01,0,0,0,1,0,0,0,0,0,0,0
G00134-03,0,0,0,0,1,0,0,0,0,0,0
G00134-04,0,0,0,0,0,0,0,0,0,0,1
G00134-06,0,0,0,0,0,0,0,0,0,0,1
G00134-08,0,0,0,1,0,0,0,0,0,0,0
G00135-02,1,0,0,0,0,0,0,0,0,0,0
G00135-08,0,0,0,0,0,0,1,0,0,0,0
G00135-12,0,0,0,1,0,0,0,0,0,0,0
G00135-13,1,0,0,0,0,0,0,0,0,0,0
G00135-14,1,0,0,0,0,0,0,0,0,0,0
G00135-15,1,0,0,0,0,0,0,0,0,0,0
J00001-01,0,0,0,0,0,0,0,0,0,0,1
J00004-01,0,0,1,0,0,0,0,0,0,0,0
J00007-01,1,0,0,0,0,0,0,0,0,0,0
J00008-01,0,0,0,1,0,0,0,0,0,0,0
J00010-01,0,0,0,1,0,0,0,0,0,0,0
J00011-01,1,0,0,0,0,0,0,0,0,0,0
J00012-01,1,0,0,0,0,0,0,0,0,0,0
J00013-01,0,0,0,1,0,0,0,0,0,0,0
J00014-01,0,0,0,0,0,0,0,0,0,0,1
J00015-01,0,0,1,0,0,0,0,0,0,0,0
J00016-01,0,0,0,1,0,0,0,0,0,0,0
J00018-01,0,0,0,1,0,0,0,0,0,0,0
J00019-01,0,0,0,1,0,0,0,0,0,0,0
J00020-01,0,0,0,1,0,0,0,0,0,0,0
J00022-01,1,0,0,0,0,0,0,0,0,0,0
J00023-01,1,0,0,0,0,0,0,0,0,0,0
J00024-01,0,0,0,0,0,0,0,0,0,0,1
J00025-01,1,0,0,0,0,0,0,0,0,0,0
J00026-01,0,0,0,0,0,0,0,0,0,0,1
J00027-01,0,0,0,0,0,0,0,0,0,0,1
J00028-01,0,0,0,1,0,0,0,0,0,0,0
J00029-01,0,0,0,1,0,0,0,0,0,0,0
J00030-01,0,0,0,1,0,0,0,0,0,0,0
J00031-01,0,0,0,0,1,0,0,0,0,0,0
J00032-01,1,0,0,0,0,0,0,0,0,0,0
J00033-01,1,0,0,0,0,0,0,0,0,0,0
J00034-01,1,0,0,0,0,0,0,0,0,0,0
J00037-01,1,0,0,0,0,0,0,0,0,0,0
J00038-01,1,0,0,0,0,0,0,0,0,0,0
J00039-01,1,0,0,0,0,0,0,0,0,0,0
J00040-01,0,0,0,1,0,0,0,0,0,0,0
J00041-01,0,0,0,0,0,0,1,0,0,0,0
J00042-01,1,0,0,0,0,0,0,0,0,0,0
J00043-01,0,0,0,0,0,0,0,0,0,0,1
J00047-01,0,0,1,0,0,0,0,0,0,0,0
J00049-01,0,0,0,0,0,0,0,0,0,0,1
J00050-01,0,0,0,1,0,0,0,0,0,0,0
J00051-01,1,0,0,0,0,0,0,0,0,0,0
J00052-01,0,0,0,0,0,0,1,0,0,0,0
J00053-01,0,0,1,0,0,0,0,0,0,0,0
J00054-01,1,0,0,0,0,0,0,0,0,0,0
J00056-01,0,0,0,1,0,0,0,0,0,0,0
J00058-01,1,0,0,0,0,0,0,0,0,0,0
J00059-01,1,0,0,0,0,0,0,0,0,0,0
J00062-01,0,0,0,1,0,0,0,0,0,0,0
J00063-01,1,0,0,0,0,0,0,0,0,0,0
J00067-01,1,0,0,0,0,0,0,0,0,0,0
J00071-01,0,0,1,0,0,0,0,0,0,0,0
J00072-01,0,0,0,1,0,0,0,0,0,0,0
J00073-01,0,0,0,0,1,0,0,0,0,0,0
J00075-01,1,0,0,0,0,0,0,0,0,0,0
J00076-01,0,0,0,0,0,0,0,0,0,0,1
J00077-01,0,0,0,1,0,0,0,0,0,0,0
J00078-01,0,0,0,1,0,0,0,0,0,0,0
J00079-01,0,0,0,1,0,0,0,0,0,0,0
J00080-01,0,0,0,0,0,0,1,0,0,0,0
J00082-01,0,0,0,1,0,0,0,0,0,0,0
J00086-01,0,0,0,1,0,0,0,0,0,0,0
J00087-01,0,0,0,0,0,0,0,0,0,0,1
J00088-01,0,0,0,0,0,0,0,0,0,0,1
J00090-01,0,0,0,0,0,0,0,0,0,0,1
J00091-01,0,0,0,1,0,0,0,0,0,0,0
J00093-01,1,0,0,0,0,0,0,0,0,0,0
J00095-01,1,0,0,0,0,0,0,0,0,0,0
J00096-01,1,0,0,0,0,0,0,0,0,0,0
J00097-01,0,0,0,1,0,0,0,0,0,0,0
J00098-01,1,0,0,0,0,0,0,0,0,0,0
J00099-01,0,0,0,1,0,0,0,0,0,0,0
J00100-01,0,0,0,0,0,0,0,0,0,0,1
J00101-01,1,0,0,0,0,0,0,0,0,0,0
J00102-01,1,0,0,0,0,0,0,0,0,0,0
J00103-01,0,0,0,1,0,0,0,0,0,0,0
J00104-01,1,0,0,0,0,0,0,0,0,0,0
J00105-01,0,0,0,0,0,0,0,1,0,0,0
J00106-01,1,0,0,0,0,0,0,0,0,0,0
J00107-01,1,0,0,0,0,0,0,0,0,0,0
J00108-01,0,0,1,0,0,0,0,0,0,0,0
J00109-01,0,0,1,0,0,0,0,0,0,0,0
J00111-01,0,0,0,1,0,0,0,0,0,0,0
J00112-01,1,0,0,0,0,0,0,0,0,0,0
J00113-01,0,0,0,0,1,0,0,0,0,0,0
J00115-01,0,0,0,1,0,0,0,0,0,0,0
J00116-01,1,0,0,0,0,0,0,0,0,0,0
